-- Seed data converted from pg_dump COPY statements
-- This file contains INSERT statements for application data only
-- Excluded schemas: auth, realtime, storage, supabase_functions, supabase_migrations, vault, extensions, graphql, graphql_public

-- Skipped 40 tables from excluded schemas

-- Temporarily disable triggers that create change_logs entries to avoid constraint violations
-- These triggers expect changed_by to be set, but during seeding we don't have authenticated users
ALTER TABLE public.budget_items DISABLE TRIGGER log_budget_item_changes_trigger;
ALTER TABLE public.change_requests DISABLE TRIGGER change_request_log_trigger;
ALTER TABLE public.tasks DISABLE TRIGGER log_task_changes_trigger;

INSERT INTO "public"."Authorization" (sign_in, created_at, pass_word, reset_pw, sign_out, create_userid, create_password) VALUES
('Host', '2025-10-07 13:57:15.433858+00', NULL, NULL, NULL, NULL, NULL),
('Organizer', '2025-10-07 13:57:15.433858+00', NULL, NULL, NULL, NULL, NULL),
('Professional Event Planner', '2025-10-07 13:57:15.433858+00', NULL, NULL, NULL, NULL, NULL),
('Venue Owner', '2025-10-07 13:57:15.433858+00', NULL, NULL, NULL, NULL, NULL),
('Manager', '2025-10-07 13:57:15.433858+00', NULL, NULL, NULL, NULL, NULL);

INSERT INTO "public".amenity_types (id, name, description, created_at, updated_at) VALUES
('1', 'Spa', NULL, '2025-09-26 18:17:35.802808+00', '2025-09-26 18:17:35.802808+00'),
('2', 'Restaurant', NULL, '2025-09-26 18:18:11.694297+00', '2025-09-26 18:18:11.694297+00');

INSERT INTO "public".budget_items (id, event_id, category, item_name, description, estimated_cost, actual_cost, vendor_name, vendor_contact, payment_status, payment_due_date, created_by, created_at, updated_at, archived) VALUES
('4bdcd42b-d0a6-4087-8157-cc39992de713', '303b4553-a3c6-43e2-bac1-1f77ecee1ba4', 'venue', 'Event rental ', 'Pay for venue rental event space', '1500.00', NULL, 'Space by Grace Palace', NULL, 'paid', '2025-10-14', '8ca9f4e0-8dc0-42b3-85ba-ee879ad1ed4f', '2025-10-08 00:02:20.397662+00', '2025-11-18 23:24:19.282813+00', 't');

INSERT INTO "public".change_logs (id, entity_type, entity_id, action, field_name, old_value, new_value, changed_by, change_description, created_at) VALUES
('70fb968f-e61d-4d0f-a5bd-c5731a5cf887', 'event', '9cd167ad-1552-4857-9fea-6c4d3d21b4b6', 'updated', NULL, NULL, NULL, 'b0d281ca-c8c8-4d6a-89fc-c9cf3afadaf2', 'Auto-save', '2025-09-13 20:27:26.056416+00'),
('ca91c8c2-d0dc-475e-ada0-38dca7a4c7bf', 'event', '9cd167ad-1552-4857-9fea-6c4d3d21b4b6', 'updated', NULL, NULL, NULL, 'b0d281ca-c8c8-4d6a-89fc-c9cf3afadaf2', 'Auto-save', '2025-09-13 20:34:24.992847+00'),
('328507ed-44bb-4f9a-a3b2-048f409167c1', 'event', 'c0541534-5a1e-4fe6-9e86-d792f8a7289a', 'updated', NULL, NULL, NULL, 'b0d281ca-c8c8-4d6a-89fc-c9cf3afadaf2', 'Auto-save', '2025-09-14 00:45:05.282771+00'),
('48c695c7-d151-4c40-8ddb-bbc7fd94d6c6', 'event', 'd7b0519e-f1b0-4281-9485-ffa9cbd991da', 'updated', NULL, NULL, NULL, 'b0d281ca-c8c8-4d6a-89fc-c9cf3afadaf2', 'Auto-save', '2025-09-15 19:27:00.360334+00'),
('95a7e2ac-8151-4680-88b7-4547f9ea6dec', 'event', 'd7b0519e-f1b0-4281-9485-ffa9cbd991da', 'updated', NULL, NULL, NULL, 'b0d281ca-c8c8-4d6a-89fc-c9cf3afadaf2', 'Auto-save', '2025-09-15 19:27:09.940943+00'),
('afba8e1d-9ec1-4c50-8baf-9931e74e3460', 'event', 'd7b0519e-f1b0-4281-9485-ffa9cbd991da', 'updated', NULL, NULL, NULL, 'b0d281ca-c8c8-4d6a-89fc-c9cf3afadaf2', 'Auto-save', '2025-09-15 19:30:16.234985+00'),
('7da91c16-b864-47fd-a27c-69213d41ed47', 'event', 'c0541534-5a1e-4fe6-9e86-d792f8a7289a', 'updated', NULL, NULL, NULL, 'b0d281ca-c8c8-4d6a-89fc-c9cf3afadaf2', 'Auto-save', '2025-09-15 20:53:22.765302+00'),
('198b31b2-9934-4e05-9037-5affefbc7023', 'event', 'd7b0519e-f1b0-4281-9485-ffa9cbd991da', 'updated', NULL, NULL, NULL, 'b0d281ca-c8c8-4d6a-89fc-c9cf3afadaf2', 'Auto-save', '2025-09-16 00:43:00.82401+00'),
('fd75d95b-abd3-45ff-b277-00329b78ddc1', 'event', 'd7b0519e-f1b0-4281-9485-ffa9cbd991da', 'updated', NULL, NULL, NULL, 'b0d281ca-c8c8-4d6a-89fc-c9cf3afadaf2', 'Auto-save', '2025-09-16 00:43:02.354165+00'),
('4e448066-f4b5-4ae1-8167-0ddeada79b13', 'event', 'd7b0519e-f1b0-4281-9485-ffa9cbd991da', 'updated', NULL, NULL, NULL, 'b0d281ca-c8c8-4d6a-89fc-c9cf3afadaf2', 'Auto-save', '2025-09-16 00:43:29.62265+00'),
('7f0151ae-2dd1-4986-9ca2-86f57cd697e7', 'event', 'd7b0519e-f1b0-4281-9485-ffa9cbd991da', 'updated', NULL, NULL, NULL, 'b0d281ca-c8c8-4d6a-89fc-c9cf3afadaf2', 'Auto-save', '2025-09-16 00:43:32.748437+00'),
('630f02cd-3e49-4e7e-bd74-51340da4c91f', 'event', '48ae39f9-156b-43ad-a914-71c777eb42a5', 'updated', NULL, NULL, NULL, 'b0d281ca-c8c8-4d6a-89fc-c9cf3afadaf2', 'Auto-save', '2025-09-16 14:19:10.265192+00'),
('25dd7167-3017-4fc6-9209-e6cfd1954dce', 'event', 'c0541534-5a1e-4fe6-9e86-d792f8a7289a', 'updated', NULL, NULL, NULL, 'b0d281ca-c8c8-4d6a-89fc-c9cf3afadaf2', 'Auto-save', '2025-09-16 14:28:45.7995+00'),
('cd37ee3e-183e-4f00-8dc9-5a54999d0b6b', 'event', 'c0541534-5a1e-4fe6-9e86-d792f8a7289a', 'updated', NULL, NULL, NULL, 'b0d281ca-c8c8-4d6a-89fc-c9cf3afadaf2', 'Auto-save', '2025-09-16 14:31:39.973401+00'),
('c9030a3d-9198-4694-a3a3-61064b4bd490', 'event', '9cd167ad-1552-4857-9fea-6c4d3d21b4b6', 'updated', NULL, NULL, NULL, 'b0d281ca-c8c8-4d6a-89fc-c9cf3afadaf2', 'Auto-save', '2025-09-16 14:32:02.664541+00'),
('f0c4e266-b530-40c9-8784-bd8f7f4233b4', 'event', '9cd167ad-1552-4857-9fea-6c4d3d21b4b6', 'updated', NULL, NULL, NULL, 'b0d281ca-c8c8-4d6a-89fc-c9cf3afadaf2', 'Auto-save', '2025-09-16 14:32:05.502357+00'),
('eb341448-aa96-4b29-b469-c3c83aefabb5', 'event', '48ae39f9-156b-43ad-a914-71c777eb42a5', 'updated', NULL, NULL, NULL, 'b0d281ca-c8c8-4d6a-89fc-c9cf3afadaf2', 'Auto-save', '2025-09-16 14:38:03.99321+00'),
('a53d134e-2b45-474f-acef-2aa4a0c1b753', 'event', '48ae39f9-156b-43ad-a914-71c777eb42a5', 'updated', NULL, NULL, NULL, 'b0d281ca-c8c8-4d6a-89fc-c9cf3afadaf2', 'Auto-save', '2025-09-16 14:38:05.381604+00'),
('f2b53fec-12be-48d6-bd38-590e25a25f7b', 'event', '48ae39f9-156b-43ad-a914-71c777eb42a5', 'updated', NULL, NULL, NULL, 'b0d281ca-c8c8-4d6a-89fc-c9cf3afadaf2', 'Auto-save', '2025-09-16 14:38:08.288296+00'),
('8de3807a-efbf-4254-867c-fc9975f3b5cc', 'event', '48ae39f9-156b-43ad-a914-71c777eb42a5', 'updated', NULL, NULL, NULL, 'b0d281ca-c8c8-4d6a-89fc-c9cf3afadaf2', 'Auto-save', '2025-09-16 14:38:09.595471+00'),
('39c66b42-6e9e-4670-b766-3799950e4174', 'event', '48ae39f9-156b-43ad-a914-71c777eb42a5', 'updated', NULL, NULL, NULL, 'b0d281ca-c8c8-4d6a-89fc-c9cf3afadaf2', 'Auto-save', '2025-09-16 16:58:43.071986+00'),
('11577363-33a4-4503-b7b3-19058484e5fd', 'event', 'd7b0519e-f1b0-4281-9485-ffa9cbd991da', 'updated', NULL, NULL, NULL, 'b0d281ca-c8c8-4d6a-89fc-c9cf3afadaf2', 'Auto-save', '2025-09-16 16:58:56.717103+00'),
('8aed5764-588e-40bb-a31d-c77972b135d8', 'event', 'd7b0519e-f1b0-4281-9485-ffa9cbd991da', 'updated', NULL, NULL, NULL, 'b0d281ca-c8c8-4d6a-89fc-c9cf3afadaf2', 'Auto-save', '2025-09-16 16:59:00.236877+00'),
('1bc77580-571c-414d-97f9-4cdfa5a0f217', 'event', '48ae39f9-156b-43ad-a914-71c777eb42a5', 'updated', NULL, NULL, NULL, 'b0d281ca-c8c8-4d6a-89fc-c9cf3afadaf2', 'Auto-save', '2025-09-16 16:59:47.182236+00'),
('dfb3ddaa-5e84-47d1-bf5a-252a38f7f7ed', 'event', '48ae39f9-156b-43ad-a914-71c777eb42a5', 'updated', NULL, NULL, NULL, 'b0d281ca-c8c8-4d6a-89fc-c9cf3afadaf2', 'Auto-save', '2025-09-16 20:50:51.935511+00'),
('f037f17f-65a7-4252-bd9b-82eb1c727189', 'event', '48ae39f9-156b-43ad-a914-71c777eb42a5', 'updated', NULL, NULL, NULL, 'b0d281ca-c8c8-4d6a-89fc-c9cf3afadaf2', 'Auto-save', '2025-09-16 20:57:56.044284+00'),
('0b3a801e-bb1d-4c2d-b443-014f3898bb93', 'event', '48ae39f9-156b-43ad-a914-71c777eb42a5', 'updated', NULL, NULL, NULL, 'b0d281ca-c8c8-4d6a-89fc-c9cf3afadaf2', 'Auto-save', '2025-09-16 20:57:56.15341+00'),
('831d8809-cacc-4033-8dce-a418fce0032a', 'event', '48ae39f9-156b-43ad-a914-71c777eb42a5', 'updated', NULL, NULL, NULL, 'b0d281ca-c8c8-4d6a-89fc-c9cf3afadaf2', 'Auto-save', '2025-09-16 21:03:01.633739+00'),
('58719d8d-3589-4842-be80-c89f1a7bddc8', 'event', '48ae39f9-156b-43ad-a914-71c777eb42a5', 'updated', 'title', 'Test event', 'MTest event', 'b0d281ca-c8c8-4d6a-89fc-c9cf3afadaf2', 'Field "title" updated from "Test event" to "MTest event"', '2025-09-16 21:03:54.598972+00'),
('3f258af0-f09a-4ef3-93d1-fc84b3aba32e', 'event', '48ae39f9-156b-43ad-a914-71c777eb42a5', 'updated', 'title', 'MTest event', 'MyTest event', 'b0d281ca-c8c8-4d6a-89fc-c9cf3afadaf2', 'Field "title" updated from "MTest event" to "MyTest event"', '2025-09-16 21:03:54.793091+00'),
('5ab5f95c-845f-4fa6-9e8a-cdab3b39a292', 'event', '48ae39f9-156b-43ad-a914-71c777eb42a5', 'updated', 'title', 'MyTest event', 'My Test event', 'b0d281ca-c8c8-4d6a-89fc-c9cf3afadaf2', 'Field "title" updated from "MyTest event" to "My Test event"', '2025-09-16 21:03:54.941778+00'),
('8869f05e-53ae-4963-abfb-707f2e0c7f3c', 'event', '48ae39f9-156b-43ad-a914-71c777eb42a5', 'updated', NULL, NULL, NULL, 'b0d281ca-c8c8-4d6a-89fc-c9cf3afadaf2', 'Auto-save', '2025-09-16 21:03:56.111877+00'),
('2d646022-9e21-4d61-8424-5925db50cb4b', 'event', '48ae39f9-156b-43ad-a914-71c777eb42a5', 'updated', 'title', 'My Test event', 'My  Test event', 'b0d281ca-c8c8-4d6a-89fc-c9cf3afadaf2', 'Field "title" updated from "My Test event" to "My  Test event"', '2025-09-16 21:05:20.497192+00'),
('d5372d64-4225-4ae1-abe1-298c376797d8', 'event', '48ae39f9-156b-43ad-a914-71c777eb42a5', 'updated', 'title', 'My  Test event', 'My F Test event', 'b0d281ca-c8c8-4d6a-89fc-c9cf3afadaf2', 'Field "title" updated from "My  Test event" to "My F Test event"', '2025-09-16 21:05:20.598459+00'),
('9b0dc5b3-e15f-4d3b-a9d6-5899a566e794', 'event', '48ae39f9-156b-43ad-a914-71c777eb42a5', 'updated', 'title', 'My F Test event', 'My Fi Test event', 'b0d281ca-c8c8-4d6a-89fc-c9cf3afadaf2', 'Field "title" updated from "My F Test event" to "My Fi Test event"', '2025-09-16 21:05:20.75359+00'),
('e6c22a50-06e8-40d5-9cd1-6cb2a8306ece', 'event', '48ae39f9-156b-43ad-a914-71c777eb42a5', 'updated', 'title', 'My Fi Test event', 'My Fir Test event', 'b0d281ca-c8c8-4d6a-89fc-c9cf3afadaf2', 'Field "title" updated from "My Fi Test event" to "My Fir Test event"', '2025-09-16 21:05:20.835688+00'),
('99348418-0591-4713-b185-a122fa9c6868', 'event', '48ae39f9-156b-43ad-a914-71c777eb42a5', 'updated', 'title', 'My Fir Test event', 'My Firs Test event', 'b0d281ca-c8c8-4d6a-89fc-c9cf3afadaf2', 'Field "title" updated from "My Fir Test event" to "My Firs Test event"', '2025-09-16 21:05:20.935769+00'),
('a1ce2445-058c-4249-a5eb-171ed9b90a0b', 'event', '48ae39f9-156b-43ad-a914-71c777eb42a5', 'updated', 'title', 'My Firs Test event', 'My First Test event', 'b0d281ca-c8c8-4d6a-89fc-c9cf3afadaf2', 'Field "title" updated from "My Firs Test event" to "My First Test event"', '2025-09-16 21:05:21.21873+00'),
('c02368ba-c874-472b-997c-849ebf103730', 'event', '48ae39f9-156b-43ad-a914-71c777eb42a5', 'updated', NULL, NULL, NULL, 'b0d281ca-c8c8-4d6a-89fc-c9cf3afadaf2', 'Manual save', '2025-09-16 21:05:22.779485+00'),
('a1a94eac-faa5-4f77-abc9-7dec01eb051e', 'event', '48ae39f9-156b-43ad-a914-71c777eb42a5', 'updated', NULL, NULL, NULL, 'b0d281ca-c8c8-4d6a-89fc-c9cf3afadaf2', 'Auto-save', '2025-09-16 21:08:32.334657+00'),
('667f735d-77cf-4f46-9bd1-e554aaf730e5', 'event', '48ae39f9-156b-43ad-a914-71c777eb42a5', 'updated', NULL, NULL, NULL, 'b0d281ca-c8c8-4d6a-89fc-c9cf3afadaf2', 'Manual save', '2025-09-16 21:08:47.033291+00'),
('e05f536c-e494-41e2-a19d-c72fb04de4b1', 'event', '48ae39f9-156b-43ad-a914-71c777eb42a5', 'updated', NULL, NULL, NULL, 'b0d281ca-c8c8-4d6a-89fc-c9cf3afadaf2', 'Auto-save', '2025-09-16 21:10:39.315067+00'),
('56ac316d-7e2c-419e-8bac-184408996e92', 'event', 'd7b0519e-f1b0-4281-9485-ffa9cbd991da', 'updated', NULL, NULL, NULL, 'b0d281ca-c8c8-4d6a-89fc-c9cf3afadaf2', 'Manual save', '2025-09-16 21:10:57.605162+00'),
('122820f8-995e-4a18-8489-0aaa2573d89b', 'event', '48ae39f9-156b-43ad-a914-71c777eb42a5', 'updated', NULL, NULL, NULL, 'b0d281ca-c8c8-4d6a-89fc-c9cf3afadaf2', 'Manual save', '2025-09-16 21:11:56.186916+00'),
('e6d3c7f1-fb95-473c-b84b-d01b6c89514a', 'event', '48ae39f9-156b-43ad-a914-71c777eb42a5', 'updated', NULL, NULL, NULL, 'b0d281ca-c8c8-4d6a-89fc-c9cf3afadaf2', 'Auto-save', '2025-09-16 21:17:42.320226+00'),
('4d562daf-6f00-4318-afa0-b2093694998b', 'event', '48ae39f9-156b-43ad-a914-71c777eb42a5', 'updated', 'title', 'Test event manua', 'Test event manual', 'b0d281ca-c8c8-4d6a-89fc-c9cf3afadaf2', 'Manual save: title updated', '2025-09-16 21:18:16.953561+00'),
('55474943-5311-410d-ae38-da236c736800', 'event', '48ae39f9-156b-43ad-a914-71c777eb42a5', 'updated', 'title', 'Test event manual', 'Test event manua', 'b0d281ca-c8c8-4d6a-89fc-c9cf3afadaf2', 'Field "title" updated from "Test event manual" to "Test event manua"', '2025-09-16 21:18:45.992719+00'),
('1f7e15a9-75ba-4988-ab5b-a9b63b48e07e', 'event', '48ae39f9-156b-43ad-a914-71c777eb42a5', 'updated', 'title', 'Test event manua', 'Test event manu', 'b0d281ca-c8c8-4d6a-89fc-c9cf3afadaf2', 'Field "title" updated from "Test event manua" to "Test event manu"', '2025-09-16 21:18:46.025871+00'),
('d8de4f95-aee8-46f3-9a55-6d1560342758', 'event', '48ae39f9-156b-43ad-a914-71c777eb42a5', 'updated', 'title', 'Test event manu', 'Test event man', 'b0d281ca-c8c8-4d6a-89fc-c9cf3afadaf2', 'Field "title" updated from "Test event manu" to "Test event man"', '2025-09-16 21:18:46.169059+00'),
('ae54908a-52b2-4fc8-b6c6-49f9daa4fee8', 'event', '48ae39f9-156b-43ad-a914-71c777eb42a5', 'updated', 'title', 'Test event man', 'Test event ma', 'b0d281ca-c8c8-4d6a-89fc-c9cf3afadaf2', 'Field "title" updated from "Test event man" to "Test event ma"', '2025-09-16 21:18:46.280635+00'),
('8982925f-b0f1-4e92-96fc-ae660b7b2504', 'event', '48ae39f9-156b-43ad-a914-71c777eb42a5', 'updated', 'title', 'Test event ma', 'Test event m', 'b0d281ca-c8c8-4d6a-89fc-c9cf3afadaf2', 'Field "title" updated from "Test event ma" to "Test event m"', '2025-09-16 21:18:46.402628+00'),
('6ca0993d-c3ec-4148-96c6-9d807c6af475', 'event', '48ae39f9-156b-43ad-a914-71c777eb42a5', 'updated', 'title', 'Test event m', 'Test event ', 'b0d281ca-c8c8-4d6a-89fc-c9cf3afadaf2', 'Field "title" updated from "Test event m" to "Test event "', '2025-09-16 21:18:46.560008+00'),
('61df8226-c2ee-4525-9cae-f34f2fa61dfb', 'event', '48ae39f9-156b-43ad-a914-71c777eb42a5', 'updated', 'title', 'Test event ', 'Test event', 'b0d281ca-c8c8-4d6a-89fc-c9cf3afadaf2', 'Field "title" updated from "Test event " to "Test event"', '2025-09-16 21:18:46.70503+00'),
('25482c0d-8290-46ec-a029-aa87d5158a1a', 'event', '48ae39f9-156b-43ad-a914-71c777eb42a5', 'updated', 'title', 'Test event', 'Test eventa', 'b0d281ca-c8c8-4d6a-89fc-c9cf3afadaf2', 'Field "title" updated from "Test event" to "Test eventa"', '2025-09-16 21:18:47.17982+00'),
('db1dfaa4-4f03-419a-a256-6b03a707923a', 'event', '48ae39f9-156b-43ad-a914-71c777eb42a5', 'updated', NULL, NULL, NULL, 'b0d281ca-c8c8-4d6a-89fc-c9cf3afadaf2', 'Auto-save', '2025-09-16 21:18:47.224728+00'),
('39b93ff5-3063-482f-8a68-9af6dbcd7f7c', 'event', '48ae39f9-156b-43ad-a914-71c777eb42a5', 'updated', 'title', 'Test eventa', 'Test event', 'b0d281ca-c8c8-4d6a-89fc-c9cf3afadaf2', 'Field "title" updated from "Test eventa" to "Test event"', '2025-09-16 21:18:47.573699+00'),
('66906c4c-7ca6-48c1-a791-2468eec6b40b', 'event', '48ae39f9-156b-43ad-a914-71c777eb42a5', 'updated', 'title', 'Test event', 'Test event ', 'b0d281ca-c8c8-4d6a-89fc-c9cf3afadaf2', 'Field "title" updated from "Test event" to "Test event "', '2025-09-16 21:18:47.669962+00'),
('057df959-6a39-4a5d-b855-14fc280cbf48', 'event', '48ae39f9-156b-43ad-a914-71c777eb42a5', 'updated', 'title', 'Test event au', 'Test event aut', 'b0d281ca-c8c8-4d6a-89fc-c9cf3afadaf2', 'Field "title" updated from "Test event au" to "Test event aut"', '2025-09-16 21:18:48.060646+00'),
('7a0ae169-4936-4e77-9c8e-cfd7431664ef', 'event', '48ae39f9-156b-43ad-a914-71c777eb42a5', 'updated', NULL, NULL, NULL, 'b0d281ca-c8c8-4d6a-89fc-c9cf3afadaf2', 'Auto-save', '2025-09-16 21:18:49.323741+00'),
('29eaf809-166c-4005-a4a4-fa0d8baae51c', 'event', '48ae39f9-156b-43ad-a914-71c777eb42a5', 'updated', 'title', 'Test event ', 'Test event a', 'b0d281ca-c8c8-4d6a-89fc-c9cf3afadaf2', 'Field "title" updated from "Test event " to "Test event a"', '2025-09-16 21:18:47.789096+00'),
('58ebc9b5-b50a-470b-8d05-b67e38ca8c5f', 'event', '48ae39f9-156b-43ad-a914-71c777eb42a5', 'updated', 'title', 'Test event aut', 'Test event auto', 'b0d281ca-c8c8-4d6a-89fc-c9cf3afadaf2', 'Field "title" updated from "Test event aut" to "Test event auto"', '2025-09-16 21:18:48.168513+00'),
('c41c4b81-5f86-4526-9d21-82d9950dfd33', 'event', '48ae39f9-156b-43ad-a914-71c777eb42a5', 'updated', 'title', 'Test event a', 'Test event au', 'b0d281ca-c8c8-4d6a-89fc-c9cf3afadaf2', 'Field "title" updated from "Test event a" to "Test event au"', '2025-09-16 21:18:47.910133+00'),
('b3b3e6d8-84db-41f5-81f5-730e00c37d43', 'event', '48ae39f9-156b-43ad-a914-71c777eb42a5', 'updated', 'title', 'Test event auto', 'Test event aut', 'b0d281ca-c8c8-4d6a-89fc-c9cf3afadaf2', 'Field "title" updated from "Test event auto" to "Test event aut"', '2025-09-16 21:22:15.626249+00'),
('5ac725a0-02a2-404d-94cb-509d04283fd3', 'event', '48ae39f9-156b-43ad-a914-71c777eb42a5', 'updated', NULL, NULL, NULL, 'b0d281ca-c8c8-4d6a-89fc-c9cf3afadaf2', 'Auto-save', '2025-09-16 21:22:16.805678+00'),
('2f87a5d2-0072-480f-8fb2-2781800811bf', 'event', '48ae39f9-156b-43ad-a914-71c777eb42a5', 'updated', 'title', 'Test event aut', 'Test event au', 'b0d281ca-c8c8-4d6a-89fc-c9cf3afadaf2', 'Field "title" updated from "Test event aut" to "Test event au"', '2025-09-16 21:24:40.146564+00'),
('ea276984-baea-4097-bcde-99f61678cf7e', 'event', '48ae39f9-156b-43ad-a914-71c777eb42a5', 'updated', NULL, NULL, NULL, 'b0d281ca-c8c8-4d6a-89fc-c9cf3afadaf2', 'Auto-save', '2025-09-16 21:24:41.427589+00'),
('61aeea13-003b-4c55-bd3c-81d71c87f662', 'event', '48ae39f9-156b-43ad-a914-71c777eb42a5', 'updated', 'title', 'Test event au', 'Test event a', 'b0d281ca-c8c8-4d6a-89fc-c9cf3afadaf2', 'Field "title" updated from "Test event au" to "Test event a"', '2025-09-16 21:25:05.584475+00'),
('4f208ce6-4141-4691-827b-67f470973e10', 'event', '48ae39f9-156b-43ad-a914-71c777eb42a5', 'updated', 'title', 'Test event ', 'Test event', 'b0d281ca-c8c8-4d6a-89fc-c9cf3afadaf2', 'Manual save: title updated', '2025-09-16 21:25:18.628478+00'),
('a304b180-e61e-4767-850e-2a8da6912272', 'event', '48ae39f9-156b-43ad-a914-71c777eb42a5', 'updated', 'title', 'Test event', 'Test even', 'b0d281ca-c8c8-4d6a-89fc-c9cf3afadaf2', 'Field "title" updated from "Test event" to "Test even"', '2025-09-16 21:25:53.613238+00'),
('e0f35d67-35eb-4773-a88c-7e7b0cfd2898', 'event', '48ae39f9-156b-43ad-a914-71c777eb42a5', 'updated', 'start_date', '2025-08-13', '2025-08-14', 'b0d281ca-c8c8-4d6a-89fc-c9cf3afadaf2', 'Field "start_date" updated from "2025-08-13" to "2025-08-14"', '2025-09-16 21:26:51.387938+00'),
('ce0d55e6-2964-49a8-879c-c1b1f97d9111', 'event', '48ae39f9-156b-43ad-a914-71c777eb42a5', 'updated', NULL, NULL, NULL, 'b0d281ca-c8c8-4d6a-89fc-c9cf3afadaf2', 'Auto-save', '2025-09-16 21:26:52.586004+00'),
('8496ad84-7ee3-45a4-b50b-efd0d2667637', 'event', '48ae39f9-156b-43ad-a914-71c777eb42a5', 'updated', 'budget', NULL, '1', 'b0d281ca-c8c8-4d6a-89fc-c9cf3afadaf2', 'Field "budget" updated from "empty" to "1"', '2025-09-16 21:26:58.967101+00'),
('9e44d0af-8621-4324-a342-4b3ccb4ea570', 'event', '48ae39f9-156b-43ad-a914-71c777eb42a5', 'updated', 'budget', '1', '10', 'b0d281ca-c8c8-4d6a-89fc-c9cf3afadaf2', 'Field "budget" updated from "1" to "10"', '2025-09-16 21:26:59.298419+00'),
('772be515-1748-4ca1-9826-03970123ccb2', 'event', '48ae39f9-156b-43ad-a914-71c777eb42a5', 'updated', 'budget', '10', '100', 'b0d281ca-c8c8-4d6a-89fc-c9cf3afadaf2', 'Field "budget" updated from "10" to "100"', '2025-09-16 21:26:59.464434+00'),
('29a39ce7-0106-46a1-92a4-705d34090794', 'event', '48ae39f9-156b-43ad-a914-71c777eb42a5', 'updated', NULL, NULL, NULL, 'b0d281ca-c8c8-4d6a-89fc-c9cf3afadaf2', 'Auto-save', '2025-09-16 21:27:00.658161+00'),
('742ab5b1-abe6-4d07-a3d6-57fe70729510', 'event', '48ae39f9-156b-43ad-a914-71c777eb42a5', 'updated', 'location', NULL, 'port', 'b0d281ca-c8c8-4d6a-89fc-c9cf3afadaf2', 'Field "location" updated from "empty" to "port"', '2025-09-16 21:27:07.574476+00'),
('34ebf697-04ac-460f-ad64-2edd732becd6', 'event', '48ae39f9-156b-43ad-a914-71c777eb42a5', 'updated', 'location', 'port', 'por', 'b0d281ca-c8c8-4d6a-89fc-c9cf3afadaf2', 'Field "location" updated from "port" to "por"', '2025-09-16 21:27:12.151834+00'),
('2968c018-dbe8-4f5b-836b-9f0721c76203', 'event', '48ae39f9-156b-43ad-a914-71c777eb42a5', 'updated', 'location', 'por', 'po', 'b0d281ca-c8c8-4d6a-89fc-c9cf3afadaf2', 'Field "location" updated from "por" to "po"', '2025-09-16 21:27:12.236915+00'),
('733892f8-4758-4d5f-85c2-62492be85798', 'event', '48ae39f9-156b-43ad-a914-71c777eb42a5', 'updated', 'location', 'po', 'p', 'b0d281ca-c8c8-4d6a-89fc-c9cf3afadaf2', 'Field "location" updated from "po" to "p"', '2025-09-16 21:27:12.378936+00'),
('ab88a8d2-daaa-4cc9-b801-4f583d335e25', 'event', '48ae39f9-156b-43ad-a914-71c777eb42a5', 'updated', 'location', 'p', NULL, 'b0d281ca-c8c8-4d6a-89fc-c9cf3afadaf2', 'Field "location" updated from "p" to "empty"', '2025-09-16 21:27:12.504834+00'),
('3c8b5043-0d00-46b2-8a79-a263012b087b', 'event', '48ae39f9-156b-43ad-a914-71c777eb42a5', 'updated', 'location', NULL, 'port', 'b0d281ca-c8c8-4d6a-89fc-c9cf3afadaf2', 'Field "location" updated from "empty" to "port"', '2025-09-16 21:30:40.070416+00'),
('09078e45-4a90-4d06-bd8f-d4160ac1bf8d', 'event', '48ae39f9-156b-43ad-a914-71c777eb42a5', 'updated', 'location', NULL, 'port', 'b0d281ca-c8c8-4d6a-89fc-c9cf3afadaf2', 'Field "location" updated from "empty" to "port"', '2025-09-16 21:36:31.04868+00'),
('d10762fe-6169-4795-b29b-4dfab600702a', 'event', '48ae39f9-156b-43ad-a914-71c777eb42a5', 'updated', 'title', 'Test event a', 'Test event ', 'b0d281ca-c8c8-4d6a-89fc-c9cf3afadaf2', 'Field "title" updated from "Test event a" to "Test event "', '2025-09-16 21:39:16.57756+00'),
('6b124655-7f12-412c-90f6-357a111ed1bf', 'event', '48ae39f9-156b-43ad-a914-71c777eb42a5', 'updated', 'title', 'Test event ', 'Test event', 'b0d281ca-c8c8-4d6a-89fc-c9cf3afadaf2', 'Field "title" updated from "Test event " to "Test event"', '2025-09-16 21:39:16.744192+00'),
('1af36933-ba0c-4640-acba-99800493575a', 'event', '48ae39f9-156b-43ad-a914-71c777eb42a5', 'updated', 'title', 'Test event', 'Test even', 'b0d281ca-c8c8-4d6a-89fc-c9cf3afadaf2', 'Field "title" updated from "Test event" to "Test even"', '2025-09-16 21:39:44.315482+00'),
('2bbadca4-589e-43a3-a783-7dcd5a01ac24', 'event', '48ae39f9-156b-43ad-a914-71c777eb42a5', 'updated', 'title', 'Test even', 'Test eve', 'b0d281ca-c8c8-4d6a-89fc-c9cf3afadaf2', 'Field "title" updated from "Test even" to "Test eve"', '2025-09-16 21:39:44.44719+00'),
('88a5180e-e9e7-45b9-a007-887533fa5434', 'event', '48ae39f9-156b-43ad-a914-71c777eb42a5', 'updated', 'title', 'Test eve', 'Test ev', 'b0d281ca-c8c8-4d6a-89fc-c9cf3afadaf2', 'Field "title" updated from "Test eve" to "Test ev"', '2025-09-16 21:39:44.5834+00'),
('9de5ad78-c823-42b7-9eac-764cc1dfe138', 'event', '48ae39f9-156b-43ad-a914-71c777eb42a5', 'updated', 'title', 'Test ev', 'Test e', 'b0d281ca-c8c8-4d6a-89fc-c9cf3afadaf2', 'Field "title" updated from "Test ev" to "Test e"', '2025-09-16 21:39:44.742971+00'),
('b6e05816-2928-409d-be08-071436e6ce88', 'event', '48ae39f9-156b-43ad-a914-71c777eb42a5', 'updated', 'title', 'Test e', 'Test ', 'b0d281ca-c8c8-4d6a-89fc-c9cf3afadaf2', 'Field "title" updated from "Test e" to "Test "', '2025-09-16 21:39:44.910746+00'),
('86fa6494-9672-4e16-82ee-0b5ded6c26cb', 'event', '48ae39f9-156b-43ad-a914-71c777eb42a5', 'updated', 'title', 'Test ', 'Test', 'b0d281ca-c8c8-4d6a-89fc-c9cf3afadaf2', 'Field "title" updated from "Test " to "Test"', '2025-09-16 21:39:45.405974+00'),
('4feff76d-d4b3-4594-adf6-e3853a5705f0', 'event', '48ae39f9-156b-43ad-a914-71c777eb42a5', 'updated', 'title', 'Test', 'Test2', 'b0d281ca-c8c8-4d6a-89fc-c9cf3afadaf2', 'Manual save: title updated', '2025-09-16 21:39:52.29892+00'),
('b6fd1064-45c5-495f-ab83-6de50e638f7f', 'event', '48ae39f9-156b-43ad-a914-71c777eb42a5', 'updated', 'location', NULL, 'port', 'b0d281ca-c8c8-4d6a-89fc-c9cf3afadaf2', 'Field "location" updated from "empty" to "port"', '2025-09-16 21:40:22.022665+00'),
('9e0043b0-140b-47ea-824d-3b0b3a129a06', 'event', 'c0541534-5a1e-4fe6-9e86-d792f8a7289a', 'updated', 'end_time', NULL, '19:43', 'b0d281ca-c8c8-4d6a-89fc-c9cf3afadaf2', 'Field "end_time" updated from "empty" to "19:43"', '2025-09-16 21:43:30.707139+00'),
('a0b2d33b-1033-440d-bf6e-3fa3fd56428d', 'event', 'c0541534-5a1e-4fe6-9e86-d792f8a7289a', 'updated', 'start_time', NULL, '17:45', 'b0d281ca-c8c8-4d6a-89fc-c9cf3afadaf2', 'Field "start_time" updated from "empty" to "17:45"', '2025-09-16 21:43:37.835453+00'),
('425593e7-88ab-48cc-8e95-dedebdf885a9', 'event', '48ae39f9-156b-43ad-a914-71c777eb42a5', 'updated', 'start_time', NULL, '19:31', 'b0d281ca-c8c8-4d6a-89fc-c9cf3afadaf2', 'Field "start_time" updated from "empty" to "19:31"', '2025-09-16 23:31:04.396111+00'),
('665b0415-a9c4-4d44-b366-326a78e03710', 'event', '9cd167ad-1552-4857-9fea-6c4d3d21b4b6', 'updated', 'end_time', NULL, '19:34', 'b0d281ca-c8c8-4d6a-89fc-c9cf3afadaf2', 'Field "end_time" updated from "empty" to "19:34"', '2025-09-16 23:31:10.391322+00'),
('b3a6b19a-117c-4a82-97a1-a7f744ac586c', 'event', '9cd167ad-1552-4857-9fea-6c4d3d21b4b6', 'updated', 'start_time', NULL, '19:41', 'b0d281ca-c8c8-4d6a-89fc-c9cf3afadaf2', 'Field "start_time" updated from "empty" to "19:41"', '2025-09-16 23:38:07.478439+00'),
('a292748c-596f-4dbb-a1b2-330ac060ccfe', 'event', 'c0541534-5a1e-4fe6-9e86-d792f8a7289a', 'updated', 'start_time', NULL, '22:40', 'b0d281ca-c8c8-4d6a-89fc-c9cf3afadaf2', 'Field "start_time" updated from "empty" to "22:40"', '2025-09-16 23:40:52.349716+00'),
('be3522b4-9dfc-4a88-a5fb-22de827b5ae3', 'event', 'd7b0519e-f1b0-4281-9485-ffa9cbd991da', 'updated', 'start_date', '2025-08-14', '2025-08-27', 'b0d281ca-c8c8-4d6a-89fc-c9cf3afadaf2', 'Field "start_date" updated from "2025-08-14" to "2025-08-27"', '2025-09-16 23:41:18.373524+00'),
('25e69335-587c-4804-8c89-e16494491419', 'event', 'd7b0519e-f1b0-4281-9485-ffa9cbd991da', 'updated', 'start_time', NULL, '19:45', 'b0d281ca-c8c8-4d6a-89fc-c9cf3afadaf2', 'Field "start_time" updated from "empty" to "19:45"', '2025-09-16 23:41:21.265166+00');

INSERT INTO "public".change_logs (id, entity_type, entity_id, action, field_name, old_value, new_value, changed_by, change_description, created_at) VALUES
('9bf35fc1-5973-4ccb-9065-0394265ab508', 'event', 'c0541534-5a1e-4fe6-9e86-d792f8a7289a', 'updated', 'end_time', NULL, '19:45', 'b0d281ca-c8c8-4d6a-89fc-c9cf3afadaf2', 'Field "end_time" updated from "empty" to "19:45"', '2025-09-16 23:43:41.089411+00'),
('1129ca93-4616-4793-9110-131b55583014', 'event', '48ae39f9-156b-43ad-a914-71c777eb42a5', 'updated', 'start_time', NULL, '20:24', 'b0d281ca-c8c8-4d6a-89fc-c9cf3afadaf2', 'Field "start_time" updated from "empty" to "20:24"', '2025-09-17 00:20:43.824803+00'),
('48cf2c60-caa1-4fae-adc1-a86e52fd49c0', 'event', '48ae39f9-156b-43ad-a914-71c777eb42a5', 'updated', 'end_time', NULL, '20:26', 'b0d281ca-c8c8-4d6a-89fc-c9cf3afadaf2', 'Field "end_time" updated from "empty" to "20:26"', '2025-09-17 00:23:12.441308+00'),
('8bdb49ff-72a6-4c45-97f5-9d244f193a84', 'event', '48ae39f9-156b-43ad-a914-71c777eb42a5', 'updated', 'start_time', '2025-08-14T00:24:00+00:00', '12:23', 'b0d281ca-c8c8-4d6a-89fc-c9cf3afadaf2', 'Field "start_time" updated from "2025-08-14T00:24:00+00:00" to "12:23"', '2025-09-17 00:23:38.369894+00'),
('f213e6cd-9fde-4f53-b9a6-c2b05fc83ceb', 'event', 'd7b0519e-f1b0-4281-9485-ffa9cbd991da', 'updated', 'start_time', NULL, '23:25', 'b0d281ca-c8c8-4d6a-89fc-c9cf3afadaf2', 'Field "start_time" updated from "empty" to "23:25"', '2025-09-17 00:25:19.238068+00'),
('c2a022f8-7a23-4290-8542-3a9bec0a1dcc', 'event', '48ae39f9-156b-43ad-a914-71c777eb42a5', 'updated', 'start_time', '2025-08-14T00:24:00+00:00', '00:28', 'b0d281ca-c8c8-4d6a-89fc-c9cf3afadaf2', 'Field "start_time" updated from "2025-08-14T00:24:00+00:00" to "00:28"', '2025-09-17 00:28:29.153202+00'),
('377e50fd-5211-4079-9a0c-b222fcd845f4', 'event', '48ae39f9-156b-43ad-a914-71c777eb42a5', 'updated', 'start_time', '2025-08-14T00:24:00+00:00', '03:24', 'b0d281ca-c8c8-4d6a-89fc-c9cf3afadaf2', 'Field "start_time" updated from "2025-08-14T00:24:00+00:00" to "03:24"', '2025-09-17 00:28:51.029506+00'),
('69719ede-8af7-49d0-94ce-b1332beb2322', 'event', '48ae39f9-156b-43ad-a914-71c777eb42a5', 'updated', 'start_time', '2025-08-14T00:24:00+00:00', '00:26', 'b0d281ca-c8c8-4d6a-89fc-c9cf3afadaf2', 'Field "start_time" updated from "2025-08-14T00:24:00+00:00" to "00:26"', '2025-09-17 00:29:50.870405+00'),
('8c056d1a-2b36-4ba4-83d7-b5f8361d0c5e', 'event', 'c0541534-5a1e-4fe6-9e86-d792f8a7289a', 'updated', 'start_time', NULL, '20:36', 'b0d281ca-c8c8-4d6a-89fc-c9cf3afadaf2', 'Field "start_time" updated from "empty" to "20:36"', '2025-09-17 00:32:45.219439+00'),
('b84b7e4a-77a5-484f-bfcd-7c3ff6a0bcd7', 'event', 'd7b0519e-f1b0-4281-9485-ffa9cbd991da', 'updated', 'start_time', '2025-08-27T03:25:00+00:00', '07:25', 'b0d281ca-c8c8-4d6a-89fc-c9cf3afadaf2', 'Field "start_time" updated from "2025-08-27T03:25:00+00:00" to "07:25"', '2025-09-17 00:32:53.934405+00'),
('f9c2cdeb-95e6-40d8-917f-4f17397d2b57', 'event', 'd7b0519e-f1b0-4281-9485-ffa9cbd991da', 'updated', 'start_time', '07:25', '07:28', 'b0d281ca-c8c8-4d6a-89fc-c9cf3afadaf2', 'Field "start_time" updated from "07:25" to "07:28"', '2025-09-17 00:32:59.323396+00'),
('61450452-573d-4a65-9475-7bd42dea5e69', 'event', 'd7b0519e-f1b0-4281-9485-ffa9cbd991da', 'updated', 'end_time', NULL, '14:32', 'b0d281ca-c8c8-4d6a-89fc-c9cf3afadaf2', 'Field "end_time" updated from "empty" to "14:32"', '2025-09-17 00:33:02.835092+00'),
('9ae45565-5c70-4897-aeab-e9b8c0c4b0ba', 'event', 'd7b0519e-f1b0-4281-9485-ffa9cbd991da', 'updated', 'end_time', '14:32', '20:32', 'b0d281ca-c8c8-4d6a-89fc-c9cf3afadaf2', 'Field "end_time" updated from "14:32" to "20:32"', '2025-09-17 00:33:13.126671+00'),
('7dd9b2fc-c0b6-44d1-b416-19d03f6f9b4a', 'event', '9cd167ad-1552-4857-9fea-6c4d3d21b4b6', 'updated', 'start_time', NULL, '20:35', 'b0d281ca-c8c8-4d6a-89fc-c9cf3afadaf2', 'Field "start_time" updated from "empty" to "20:35"', '2025-09-17 00:33:24.288293+00'),
('ea97cd27-0522-4ac4-99ce-3f8678fd4303', 'event', '9cd167ad-1552-4857-9fea-6c4d3d21b4b6', 'updated', 'end_time', NULL, '20:35', 'b0d281ca-c8c8-4d6a-89fc-c9cf3afadaf2', 'Field "end_time" updated from "empty" to "20:35"', '2025-09-17 00:33:26.515454+00'),
('bb77a8ed-04aa-40c2-abe4-698ed2f25bd8', 'event', '48ae39f9-156b-43ad-a914-71c777eb42a5', 'updated', 'title', 'Test2', 'E', 'b0d281ca-c8c8-4d6a-89fc-c9cf3afadaf2', 'Field "title" updated from "Test2" to "E"', '2025-09-17 00:41:10.516966+00'),
('ed12599a-e6b7-478f-adce-bdcfbfd01237', 'event', '48ae39f9-156b-43ad-a914-71c777eb42a5', 'updated', 'title', 'E', 'Ex', 'b0d281ca-c8c8-4d6a-89fc-c9cf3afadaf2', 'Field "title" updated from "E" to "Ex"', '2025-09-17 00:41:10.702073+00'),
('cc6d0261-efcb-4a69-998c-aa2f28568045', 'event', '48ae39f9-156b-43ad-a914-71c777eb42a5', 'updated', 'title', 'Ex', 'Exa', 'b0d281ca-c8c8-4d6a-89fc-c9cf3afadaf2', 'Field "title" updated from "Ex" to "Exa"', '2025-09-17 00:41:10.851485+00'),
('6de82f11-b4d4-4928-a296-00114cbdd3d7', 'event', '48ae39f9-156b-43ad-a914-71c777eb42a5', 'updated', 'title', 'Exa', 'Exam', 'b0d281ca-c8c8-4d6a-89fc-c9cf3afadaf2', 'Field "title" updated from "Exa" to "Exam"', '2025-09-17 00:41:10.950575+00'),
('80210ff9-c1b3-4348-8399-a441cbcee763', 'event', '48ae39f9-156b-43ad-a914-71c777eb42a5', 'updated', 'title', 'Exam', 'Examp', 'b0d281ca-c8c8-4d6a-89fc-c9cf3afadaf2', 'Field "title" updated from "Exam" to "Examp"', '2025-09-17 00:41:11.009761+00'),
('29f1897c-764a-43f1-b267-16d47dfcfec0', 'event', '48ae39f9-156b-43ad-a914-71c777eb42a5', 'updated', 'title', 'Examp', 'Exampl', 'b0d281ca-c8c8-4d6a-89fc-c9cf3afadaf2', 'Field "title" updated from "Examp" to "Exampl"', '2025-09-17 00:41:11.089552+00'),
('591fe833-1809-4024-bd3a-90594716fc4d', 'event', '48ae39f9-156b-43ad-a914-71c777eb42a5', 'updated', 'title', 'Exampl', 'Example', 'b0d281ca-c8c8-4d6a-89fc-c9cf3afadaf2', 'Field "title" updated from "Exampl" to "Example"', '2025-09-17 00:41:11.286812+00'),
('665a1a43-0fbf-4011-aeb1-a7e724bebb44', 'event', '48ae39f9-156b-43ad-a914-71c777eb42a5', 'updated', 'title', 'Example', 'Example ', 'b0d281ca-c8c8-4d6a-89fc-c9cf3afadaf2', 'Field "title" updated from "Example" to "Example "', '2025-09-17 00:41:11.466204+00'),
('cfa94077-d2e0-4d76-9bb2-a230fbdd148c', 'event', '48ae39f9-156b-43ad-a914-71c777eb42a5', 'updated', 'title', 'Example ', 'Example E', 'b0d281ca-c8c8-4d6a-89fc-c9cf3afadaf2', 'Field "title" updated from "Example " to "Example E"', '2025-09-17 00:41:11.749506+00'),
('668eb8c8-47bb-4752-8887-8f7f12ec4b9d', 'event', '48ae39f9-156b-43ad-a914-71c777eb42a5', 'updated', 'title', 'Example E', 'Example Ev', 'b0d281ca-c8c8-4d6a-89fc-c9cf3afadaf2', 'Field "title" updated from "Example E" to "Example Ev"', '2025-09-17 00:41:11.939082+00'),
('05f61ac7-16ea-43c6-af72-05ddd3f145e9', 'event', '48ae39f9-156b-43ad-a914-71c777eb42a5', 'updated', 'title', 'Example Ev', 'Example Eve', 'b0d281ca-c8c8-4d6a-89fc-c9cf3afadaf2', 'Field "title" updated from "Example Ev" to "Example Eve"', '2025-09-17 00:41:12.028823+00'),
('7b040ae5-4048-423f-a513-3cee2c69e933', 'event', '48ae39f9-156b-43ad-a914-71c777eb42a5', 'updated', 'title', 'Example Eve', 'Example Even', 'b0d281ca-c8c8-4d6a-89fc-c9cf3afadaf2', 'Field "title" updated from "Example Eve" to "Example Even"', '2025-09-17 00:41:12.150024+00'),
('4fe61bd5-889f-4514-a95d-224bee04df41', 'event', '48ae39f9-156b-43ad-a914-71c777eb42a5', 'updated', 'title', 'Example Even', 'Example Event', 'b0d281ca-c8c8-4d6a-89fc-c9cf3afadaf2', 'Field "title" updated from "Example Even" to "Example Event"', '2025-09-17 00:41:12.251812+00'),
('a3f41180-871b-4a58-846c-04f7d3b19a4e', 'event', '48ae39f9-156b-43ad-a914-71c777eb42a5', 'updated', 'title', 'Example Event', 'D', 'b0d281ca-c8c8-4d6a-89fc-c9cf3afadaf2', 'Field "title" updated from "Example Event" to "D"', '2025-09-17 00:41:16.898017+00'),
('7cac19b3-aea6-4efb-917b-40ea450b1c13', 'event', '48ae39f9-156b-43ad-a914-71c777eb42a5', 'updated', 'title', 'D', 'De', 'b0d281ca-c8c8-4d6a-89fc-c9cf3afadaf2', 'Field "title" updated from "D" to "De"', '2025-09-17 00:41:17.074053+00'),
('8429ece5-82a6-401d-9313-0dadfbd15b97', 'event', '48ae39f9-156b-43ad-a914-71c777eb42a5', 'updated', 'title', 'De', 'Dem', 'b0d281ca-c8c8-4d6a-89fc-c9cf3afadaf2', 'Field "title" updated from "De" to "Dem"', '2025-09-17 00:41:17.142758+00'),
('ebf3b2e8-4aba-4db8-87cb-900557001ba1', 'event', '48ae39f9-156b-43ad-a914-71c777eb42a5', 'updated', 'title', 'Dem', 'Demo', 'b0d281ca-c8c8-4d6a-89fc-c9cf3afadaf2', 'Field "title" updated from "Dem" to "Demo"', '2025-09-17 00:41:17.207854+00'),
('fa5af71e-9453-4e5c-9ca2-e4d7ba6aecf3', 'event', '48ae39f9-156b-43ad-a914-71c777eb42a5', 'updated', 'title', 'Demo', 'Demo ', 'b0d281ca-c8c8-4d6a-89fc-c9cf3afadaf2', 'Field "title" updated from "Demo" to "Demo "', '2025-09-17 00:41:17.313452+00'),
('a98d5a68-d1d2-42bb-bd85-45aa47ea6fa7', 'event', '48ae39f9-156b-43ad-a914-71c777eb42a5', 'updated', 'title', 'Demo ', 'Demo E', 'b0d281ca-c8c8-4d6a-89fc-c9cf3afadaf2', 'Field "title" updated from "Demo " to "Demo E"', '2025-09-17 00:41:17.804286+00'),
('50571d6c-1ab2-44a5-a352-d9de4f47f86f', 'event', '48ae39f9-156b-43ad-a914-71c777eb42a5', 'updated', 'title', 'Demo E', 'Demo Ev', 'b0d281ca-c8c8-4d6a-89fc-c9cf3afadaf2', 'Field "title" updated from "Demo E" to "Demo Ev"', '2025-09-17 00:41:17.987394+00'),
('7c091af4-4804-4759-8899-cf7553f77d33', 'event', '48ae39f9-156b-43ad-a914-71c777eb42a5', 'updated', 'title', 'Demo Ev', 'Demo Eve', 'b0d281ca-c8c8-4d6a-89fc-c9cf3afadaf2', 'Field "title" updated from "Demo Ev" to "Demo Eve"', '2025-09-17 00:41:18.105305+00'),
('31387c3a-bc0b-40a6-9c8a-d7753ee22007', 'event', '48ae39f9-156b-43ad-a914-71c777eb42a5', 'updated', 'title', 'Demo Eve', 'Demo Even', 'b0d281ca-c8c8-4d6a-89fc-c9cf3afadaf2', 'Field "title" updated from "Demo Eve" to "Demo Even"', '2025-09-17 00:41:18.259503+00'),
('cc712b59-63e4-44ca-b722-650555badf02', 'event', '48ae39f9-156b-43ad-a914-71c777eb42a5', 'updated', 'title', 'Demo Even', 'Demo Event', 'b0d281ca-c8c8-4d6a-89fc-c9cf3afadaf2', 'Field "title" updated from "Demo Even" to "Demo Event"', '2025-09-17 00:41:18.346945+00'),
('1f9b7a46-56ef-4d5d-82f2-76bdc131163f', 'event', '48ae39f9-156b-43ad-a914-71c777eb42a5', 'updated', 'start_date', '2025-08-14', '2025-09-14', 'b0d281ca-c8c8-4d6a-89fc-c9cf3afadaf2', 'Field "start_date" updated from "2025-08-14" to "2025-09-14"', '2025-09-17 00:43:07.217944+00'),
('c482c840-7e52-4212-bd4b-8f8b50dbdf39', 'event', '48ae39f9-156b-43ad-a914-71c777eb42a5', 'updated', 'start_date', '2025-09-14', '2025-09-16', 'b0d281ca-c8c8-4d6a-89fc-c9cf3afadaf2', 'Field "start_date" updated from "2025-09-14" to "2025-09-16"', '2025-09-17 00:43:08.805897+00'),
('be58d565-8749-4ac2-8894-832fb8ee8c0d', 'event', '48ae39f9-156b-43ad-a914-71c777eb42a5', 'updated', 'end_date', '2025-08-13', '2025-09-13', 'b0d281ca-c8c8-4d6a-89fc-c9cf3afadaf2', 'Field "end_date" updated from "2025-08-13" to "2025-09-13"', '2025-09-17 00:43:12.162658+00'),
('1ff80362-fb53-4e10-a341-ffb34a90d858', 'event', '48ae39f9-156b-43ad-a914-71c777eb42a5', 'updated', 'end_date', '2025-09-13', '2025-09-16', 'b0d281ca-c8c8-4d6a-89fc-c9cf3afadaf2', 'Field "end_date" updated from "2025-09-13" to "2025-09-16"', '2025-09-17 00:43:13.566964+00'),
('263a5794-3eda-4f14-b720-776a98c8ea5d', 'event', '48ae39f9-156b-43ad-a914-71c777eb42a5', 'updated', 'status', NULL, 'in_progress', 'b0d281ca-c8c8-4d6a-89fc-c9cf3afadaf2', 'Field "status" updated from "empty" to "in_progress"', '2025-09-17 01:45:27.579382+00'),
('aa8e5881-3b3e-4497-9f0e-02a2f313437b', 'event', '48ae39f9-156b-43ad-a914-71c777eb42a5', 'updated', 'location', NULL, 'T', 'b0d281ca-c8c8-4d6a-89fc-c9cf3afadaf2', 'Field "location" updated from "empty" to "T"', '2025-09-17 01:46:13.876173+00'),
('d9fc76c3-ec76-45e2-886e-5a961e6b2598', 'event', '48ae39f9-156b-43ad-a914-71c777eb42a5', 'updated', 'location', 'T', 'TE', 'b0d281ca-c8c8-4d6a-89fc-c9cf3afadaf2', 'Field "location" updated from "T" to "TE"', '2025-09-17 01:46:13.896321+00'),
('b022a589-ec91-4afe-a40f-ea2916583e41', 'event', '48ae39f9-156b-43ad-a914-71c777eb42a5', 'updated', 'location', 'TE', 'TES', 'b0d281ca-c8c8-4d6a-89fc-c9cf3afadaf2', 'Field "location" updated from "TE" to "TES"', '2025-09-17 01:46:13.954603+00'),
('332caae4-164a-4236-afa4-11cf7385fa1f', 'event', '48ae39f9-156b-43ad-a914-71c777eb42a5', 'updated', 'location', 'TES', 'TEST', 'b0d281ca-c8c8-4d6a-89fc-c9cf3afadaf2', 'Field "location" updated from "TES" to "TEST"', '2025-09-17 01:46:14.137638+00'),
('d224422b-82a1-4c44-a546-8bde13e905e4', 'event', '48ae39f9-156b-43ad-a914-71c777eb42a5', 'updated', 'end_time', '2025-08-13T00:26:00+00:00', '21:53', 'b0d281ca-c8c8-4d6a-89fc-c9cf3afadaf2', 'Field "end_time" updated from "2025-08-13T00:26:00+00:00" to "21:53"', '2025-09-17 01:51:16.019803+00'),
('d19679c7-01bc-4efa-894f-a79ded9402fa', 'event', '48ae39f9-156b-43ad-a914-71c777eb42a5', 'updated', 'start_time', '2025-08-14T00:24:00+00:00', '10:05', 'b0d281ca-c8c8-4d6a-89fc-c9cf3afadaf2', 'Field "start_time" updated from "2025-08-14T00:24:00+00:00" to "10:05"', '2025-09-17 13:05:10.175284+00'),
('9cb0d558-866b-45ed-9c3d-72f9b16fbb9b', 'event', 'd7b0519e-f1b0-4281-9485-ffa9cbd991da', 'updated', 'title', 'Event with tagss', 'Event with tags', 'b0d281ca-c8c8-4d6a-89fc-c9cf3afadaf2', 'Field "title" updated from "Event with tagss" to "Event with tags"', '2025-09-17 20:15:46.370454+00'),
('f3032f24-7059-48f3-a4ca-8dcc2d354295', 'event', '48ae39f9-156b-43ad-a914-71c777eb42a5', 'updated', 'start_time', '2025-08-14T00:24:00+00:00', '12:29', 'b0d281ca-c8c8-4d6a-89fc-c9cf3afadaf2', 'Field "start_time" updated from "2025-08-14T00:24:00+00:00" to "12:29"', '2025-09-18 02:29:34.975548+00'),
('353387ed-b3d4-4dff-8ed9-38f57156f306', 'event', '48ae39f9-156b-43ad-a914-71c777eb42a5', 'updated', 'start_time', '2025-08-14T00:24:00+00:00', '12:35', 'b0d281ca-c8c8-4d6a-89fc-c9cf3afadaf2', 'Field "start_time" updated from "2025-08-14T00:24:00+00:00" to "12:35"', '2025-09-18 02:35:35.464543+00'),
('6899d668-9c20-4274-8a65-020603f699c2', 'event', '48ae39f9-156b-43ad-a914-71c777eb42a5', 'updated', 'start_date', '2025-09-16', '2025-09-09', 'b0d281ca-c8c8-4d6a-89fc-c9cf3afadaf2', 'Field "start_date" updated from "2025-09-16" to "2025-09-09"', '2025-09-18 02:39:14.876702+00'),
('e1ee9ba7-3ac7-4de5-a34f-0df9a51f0e69', 'event', '48ae39f9-156b-43ad-a914-71c777eb42a5', 'updated', 'type_id', '18', NULL, 'b0d281ca-c8c8-4d6a-89fc-c9cf3afadaf2', 'Field "type_id" updated from "18" to "empty"', '2025-09-24 22:37:23.916148+00'),
('62fa7c5d-b06a-40e1-8615-72ea83f2ed8f', 'event', '9cd167ad-1552-4857-9fea-6c4d3d21b4b6', 'updated', 'start_date', '2025-09-17', '2025-09-09', 'b0d281ca-c8c8-4d6a-89fc-c9cf3afadaf2', 'Field "start_date" updated from "2025-09-17" to "2025-09-09"', '2025-09-18 02:39:20.099592+00'),
('745c3082-5834-43cf-ac84-cf35af36d35a', 'event', '9cd167ad-1552-4857-9fea-6c4d3d21b4b6', 'updated', 'start_date', '2025-09-09', '2025-09-29', 'b0d281ca-c8c8-4d6a-89fc-c9cf3afadaf2', 'Field "start_date" updated from "2025-09-09" to "2025-09-29"', '2025-09-18 02:39:28.113692+00'),
('cf9c9ca3-0423-44ec-8c6b-0fa5312693c2', 'event', '21da94b0-7241-459c-a4b7-0f0f7228472a', 'updated', 'theme_id', '815e3056-7ff1-4f3c-a10e-ff7e4837ca21', 'cf6bb2df-c5e1-4a07-a9db-85cd118ac8a7', 'b0d281ca-c8c8-4d6a-89fc-c9cf3afadaf2', 'Field "theme_id" updated from "815e3056-7ff1-4f3c-a10e-ff7e4837ca21" to "cf6bb2df-c5e1-4a07-a9db-85cd118ac8a7"', '2025-09-18 14:10:48.876009+00'),
('1cd80cdf-2046-4235-9a56-5d85c1d1fd4d', 'event', '21da94b0-7241-459c-a4b7-0f0f7228472a', 'updated', 'type_id', '6180ef5b-d588-4fa3-a613-04f85805eefb', NULL, 'b0d281ca-c8c8-4d6a-89fc-c9cf3afadaf2', 'Field "type_id" updated from "6180ef5b-d588-4fa3-a613-04f85805eefb" to "empty"', '2025-09-18 14:10:48.871718+00'),
('46b787bc-0bf2-4807-9743-47b670a47649', 'event', '21da94b0-7241-459c-a4b7-0f0f7228472a', 'updated', 'type_id', NULL, '8a4e4b89-6d4d-44ee-b558-5950f7dd0b16', 'b0d281ca-c8c8-4d6a-89fc-c9cf3afadaf2', 'Field "type_id" updated from "empty" to "8a4e4b89-6d4d-44ee-b558-5950f7dd0b16"', '2025-09-18 14:10:58.387457+00'),
('b2f959cb-f5d0-43ab-97f7-d036519b17fe', 'event', '21da94b0-7241-459c-a4b7-0f0f7228472a', 'updated', 'theme_id', '815e3056-7ff1-4f3c-a10e-ff7e4837ca21', 'c00125dc-8523-42cf-9875-70704ac888b4', 'b0d281ca-c8c8-4d6a-89fc-c9cf3afadaf2', 'Field "theme_id" updated from "815e3056-7ff1-4f3c-a10e-ff7e4837ca21" to "c00125dc-8523-42cf-9875-70704ac888b4"', '2025-09-18 14:11:01.959544+00'),
('868db2f2-b298-4d10-961a-2324ce55e231', 'event', '21da94b0-7241-459c-a4b7-0f0f7228472a', 'updated', 'type_id', '8a4e4b89-6d4d-44ee-b558-5950f7dd0b16', NULL, 'b0d281ca-c8c8-4d6a-89fc-c9cf3afadaf2', 'Field "type_id" updated from "8a4e4b89-6d4d-44ee-b558-5950f7dd0b16" to "empty"', '2025-09-18 14:11:01.976781+00'),
('e1185cc6-4c82-4846-8a30-dc360e8bf9e7', 'event', '21da94b0-7241-459c-a4b7-0f0f7228472a', 'updated', 'type_id', NULL, '6180ef5b-d588-4fa3-a613-04f85805eefb', 'b0d281ca-c8c8-4d6a-89fc-c9cf3afadaf2', 'Field "type_id" updated from "empty" to "6180ef5b-d588-4fa3-a613-04f85805eefb"', '2025-09-18 14:11:05.685938+00'),
('12fa35a3-14c4-4c67-b72a-8b26e2b33fb3', 'event', '21da94b0-7241-459c-a4b7-0f0f7228472a', 'updated', 'type_id', '6180ef5b-d588-4fa3-a613-04f85805eefb', NULL, 'b0d281ca-c8c8-4d6a-89fc-c9cf3afadaf2', 'Field "type_id" updated from "6180ef5b-d588-4fa3-a613-04f85805eefb" to "empty"', '2025-09-18 14:11:14.720093+00'),
('9da9c262-c83e-4fc4-9116-e668f2d4e60c', 'event', '21da94b0-7241-459c-a4b7-0f0f7228472a', 'updated', 'theme_id', '815e3056-7ff1-4f3c-a10e-ff7e4837ca21', '827c446e-a22d-4a62-ab5c-23a90b3d5b9c', 'b0d281ca-c8c8-4d6a-89fc-c9cf3afadaf2', 'Field "theme_id" updated from "815e3056-7ff1-4f3c-a10e-ff7e4837ca21" to "827c446e-a22d-4a62-ab5c-23a90b3d5b9c"', '2025-09-18 14:11:14.72284+00'),
('9f2a2af5-c22a-4cc1-8f90-6e8ce747c390', 'event', '21da94b0-7241-459c-a4b7-0f0f7228472a', 'updated', 'type_id', NULL, '8a4e4b89-6d4d-44ee-b558-5950f7dd0b16', 'b0d281ca-c8c8-4d6a-89fc-c9cf3afadaf2', 'Field "type_id" updated from "empty" to "8a4e4b89-6d4d-44ee-b558-5950f7dd0b16"', '2025-09-18 14:11:24.460837+00'),
('973f82c1-dd10-4459-a392-f1da0907d4a2', 'event', '48ae39f9-156b-43ad-a914-71c777eb42a5', 'updated', 'type_id', NULL, NULL, 'b0d281ca-c8c8-4d6a-89fc-c9cf3afadaf2', 'Field "type_id" updated from "empty" to "empty"', '2025-09-18 14:11:30.424346+00'),
('5e3da348-a0f4-4164-9c53-2f82ec46a79a', 'event', '48ae39f9-156b-43ad-a914-71c777eb42a5', 'updated', 'theme_id', NULL, '3b44c672-2b63-4e69-b65b-d339a9555f6d', 'b0d281ca-c8c8-4d6a-89fc-c9cf3afadaf2', 'Field "theme_id" updated from "empty" to "3b44c672-2b63-4e69-b65b-d339a9555f6d"', '2025-09-18 14:11:30.423185+00'),
('3ba98fad-8673-43e3-8e76-9c7fc5a4508e', 'event', '48ae39f9-156b-43ad-a914-71c777eb42a5', 'updated', 'theme_id', NULL, '3b44c672-2b63-4e69-b65b-d339a9555f6d', 'b0d281ca-c8c8-4d6a-89fc-c9cf3afadaf2', 'Field "theme_id" updated from "empty" to "3b44c672-2b63-4e69-b65b-d339a9555f6d"', '2025-09-18 14:11:35.612546+00'),
('2c533f46-b786-40f0-a334-65bd3fbadd46', 'event', '48ae39f9-156b-43ad-a914-71c777eb42a5', 'updated', 'type_id', NULL, '51b930f5-7998-491c-a286-aa6277861864', 'b0d281ca-c8c8-4d6a-89fc-c9cf3afadaf2', 'Field "type_id" updated from "empty" to "51b930f5-7998-491c-a286-aa6277861864"', '2025-09-18 14:11:37.742717+00'),
('214c48f0-5fd3-42de-a30e-fb9b7a4e0219', 'event', '48ae39f9-156b-43ad-a914-71c777eb42a5', 'updated', 'type_id', '51b930f5-7998-491c-a286-aa6277861864', NULL, 'b0d281ca-c8c8-4d6a-89fc-c9cf3afadaf2', 'Field "type_id" updated from "51b930f5-7998-491c-a286-aa6277861864" to "empty"', '2025-09-18 14:15:28.190729+00'),
('0e06c2a8-815b-4436-bb95-d9b1439bd307', 'event', '48ae39f9-156b-43ad-a914-71c777eb42a5', 'updated', 'theme_id', '3b44c672-2b63-4e69-b65b-d339a9555f6d', 'c00125dc-8523-42cf-9875-70704ac888b4', 'b0d281ca-c8c8-4d6a-89fc-c9cf3afadaf2', 'Field "theme_id" updated from "3b44c672-2b63-4e69-b65b-d339a9555f6d" to "c00125dc-8523-42cf-9875-70704ac888b4"', '2025-09-18 14:15:28.191008+00'),
('cdb731a6-c8a9-4144-b4c6-44bf6174c85b', 'event', '48ae39f9-156b-43ad-a914-71c777eb42a5', 'updated', 'type_id', NULL, '51b930f5-7998-491c-a286-aa6277861864', 'b0d281ca-c8c8-4d6a-89fc-c9cf3afadaf2', 'Field "type_id" updated from "empty" to "51b930f5-7998-491c-a286-aa6277861864"', '2025-09-18 14:15:30.236306+00'),
('9ffab66b-fb20-4f78-b8db-2a6b2336ae6b', 'event', '48ae39f9-156b-43ad-a914-71c777eb42a5', 'updated', 'theme_id', '3b44c672-2b63-4e69-b65b-d339a9555f6d', 'c1227905-e858-4d89-b26d-40ef7e2c342b', 'b0d281ca-c8c8-4d6a-89fc-c9cf3afadaf2', 'Field "theme_id" updated from "3b44c672-2b63-4e69-b65b-d339a9555f6d" to "c1227905-e858-4d89-b26d-40ef7e2c342b"', '2025-09-18 14:15:33.008786+00'),
('f660d70c-c3e1-478e-87c7-c6b8686524ea', 'event', '48ae39f9-156b-43ad-a914-71c777eb42a5', 'updated', 'type_id', '51b930f5-7998-491c-a286-aa6277861864', NULL, 'b0d281ca-c8c8-4d6a-89fc-c9cf3afadaf2', 'Field "type_id" updated from "51b930f5-7998-491c-a286-aa6277861864" to "empty"', '2025-09-18 14:15:33.017737+00'),
('102570e3-2a36-4010-8838-425fd6841ef1', 'event', '48ae39f9-156b-43ad-a914-71c777eb42a5', 'updated', 'type_id', NULL, '51b930f5-7998-491c-a286-aa6277861864', 'b0d281ca-c8c8-4d6a-89fc-c9cf3afadaf2', 'Field "type_id" updated from "empty" to "51b930f5-7998-491c-a286-aa6277861864"', '2025-09-18 14:15:34.384347+00'),
('cd17b90f-9246-4116-b998-117ac9de967d', 'event', '48ae39f9-156b-43ad-a914-71c777eb42a5', 'updated', 'theme_id', '3b44c672-2b63-4e69-b65b-d339a9555f6d', 'f8027ecc-b2f9-47ba-9876-af77f3d3421c', 'b0d281ca-c8c8-4d6a-89fc-c9cf3afadaf2', 'Field "theme_id" updated from "3b44c672-2b63-4e69-b65b-d339a9555f6d" to "f8027ecc-b2f9-47ba-9876-af77f3d3421c"', '2025-09-18 14:15:35.868888+00'),
('b53c6612-94e3-45f6-b2e0-849425c07a86', 'event', '48ae39f9-156b-43ad-a914-71c777eb42a5', 'updated', 'type_id', '51b930f5-7998-491c-a286-aa6277861864', NULL, 'b0d281ca-c8c8-4d6a-89fc-c9cf3afadaf2', 'Field "type_id" updated from "51b930f5-7998-491c-a286-aa6277861864" to "empty"', '2025-09-18 14:15:35.869278+00'),
('0904ac7c-6faa-4fb9-bdc6-e14ffd3cda86', 'event', '48ae39f9-156b-43ad-a914-71c777eb42a5', 'updated', 'type_id', NULL, '51b930f5-7998-491c-a286-aa6277861864', 'b0d281ca-c8c8-4d6a-89fc-c9cf3afadaf2', 'Field "type_id" updated from "empty" to "51b930f5-7998-491c-a286-aa6277861864"', '2025-09-18 14:15:39.985373+00'),
('47f15b37-7081-4762-8b19-bfc15e2c2bbe', 'event', '21da94b0-7241-459c-a4b7-0f0f7228472a', 'updated', 'type_id', '8a4e4b89-6d4d-44ee-b558-5950f7dd0b16', 'cbfa4428-ac68-4cdd-96a6-76a001dc4119', 'b0d281ca-c8c8-4d6a-89fc-c9cf3afadaf2', 'Field "type_id" updated from "8a4e4b89-6d4d-44ee-b558-5950f7dd0b16" to "cbfa4428-ac68-4cdd-96a6-76a001dc4119"', '2025-09-18 15:09:04.35211+00'),
('6f2bfeee-4515-4c53-bc5a-fab838b2251e', 'event', '48ae39f9-156b-43ad-a914-71c777eb42a5', 'updated', 'start_time', NULL, '01:16', 'b0d281ca-c8c8-4d6a-89fc-c9cf3afadaf2', 'Field "start_time" updated from "empty" to "01:16"', '2025-09-18 15:16:45.525653+00'),
('8c58c944-457d-402f-881c-d6507b0a8863', 'event', '48ae39f9-156b-43ad-a914-71c777eb42a5', 'updated', 'end_time', NULL, '11:20', 'b0d281ca-c8c8-4d6a-89fc-c9cf3afadaf2', 'Field "end_time" updated from "empty" to "11:20"', '2025-09-18 15:16:48.826842+00'),
('9397862e-f949-471c-9291-82464fedb3dd', 'event', '48ae39f9-156b-43ad-a914-71c777eb42a5', 'updated', 'title', 'Demo Eventt', 'Demo Event', 'b0d281ca-c8c8-4d6a-89fc-c9cf3afadaf2', 'Manual save: title updated', '2025-09-18 15:54:21.534616+00'),
('4600de47-fb88-4231-a606-624af5f032e4', 'event', '48ae39f9-156b-43ad-a914-71c777eb42a5', 'updated', 'title', 'Demo Event', 'Demo Eventt', 'b0d281ca-c8c8-4d6a-89fc-c9cf3afadaf2', 'Manual save: title updated', '2025-09-18 16:00:30.211195+00'),
('dc6c1c09-b24d-4973-8f39-bd5fcc77ef74', 'event', '48ae39f9-156b-43ad-a914-71c777eb42a5', 'updated', 'title', 'Demo Eventt', 'Demo Event', 'b0d281ca-c8c8-4d6a-89fc-c9cf3afadaf2', 'Manual save: title updated', '2025-09-18 16:00:33.480475+00'),
('c43998cf-a231-4201-8095-5b9ec0dfc36a', 'event', 'c0541534-5a1e-4fe6-9e86-d792f8a7289a', 'updated', 'status', NULL, 'pending', 'b0d281ca-c8c8-4d6a-89fc-c9cf3afadaf2', 'Field "status" updated from "empty" to "pending"', '2025-09-22 17:37:04.972553+00'),
('655ee731-9905-4c9d-ab66-8fb485683bf9', 'event', '21da94b0-7241-459c-a4b7-0f0f7228472a', 'updated', 'status', NULL, 'in_progress', 'b0d281ca-c8c8-4d6a-89fc-c9cf3afadaf2', 'Field "status" updated from "empty" to "in_progress"', '2025-09-22 17:37:44.17839+00'),
('9c9f4a82-800c-4e39-aa95-852340ff09e3', 'event', '21da94b0-7241-459c-a4b7-0f0f7228472a', 'updated', 'status', 'in_progress', 'completed', 'b0d281ca-c8c8-4d6a-89fc-c9cf3afadaf2', 'Field "status" updated from "in_progress" to "completed"', '2025-09-22 17:37:48.177692+00'),
('c4af1958-1a27-445f-8e9b-820ccfc2837e', 'event', '48ae39f9-156b-43ad-a914-71c777eb42a5', 'updated', 'status', NULL, 'completed', 'b0d281ca-c8c8-4d6a-89fc-c9cf3afadaf2', 'Field "status" updated from "empty" to "completed"', '2025-09-22 17:55:53.807539+00'),
('03758caa-9501-43c9-89a1-77812d345690', 'event', '21da94b0-7241-459c-a4b7-0f0f7228472a', 'updated', 'status', NULL, 'cancelled', 'b0d281ca-c8c8-4d6a-89fc-c9cf3afadaf2', 'Field "status" updated from "empty" to "cancelled"', '2025-09-22 17:55:59.944198+00'),
('4f92cd78-e6e1-4347-b669-571fe6447407', 'event', '48ae39f9-156b-43ad-a914-71c777eb42a5', 'updated', 'status', NULL, 'completed', 'b0d281ca-c8c8-4d6a-89fc-c9cf3afadaf2', 'Field "status" updated from "empty" to "completed"', '2025-09-22 19:45:22.990711+00'),
('283ce447-76ff-4505-b667-b9f9d0485744', 'event', '48ae39f9-156b-43ad-a914-71c777eb42a5', 'updated', 'status', 'completed', 'pending', 'b0d281ca-c8c8-4d6a-89fc-c9cf3afadaf2', 'Field "status" updated from "completed" to "pending"', '2025-09-22 19:45:26.154734+00'),
('527301ce-8da0-4e03-ae42-14a35d614ac9', 'event', '48ae39f9-156b-43ad-a914-71c777eb42a5', 'updated', 'status', 'pending', 'cancelled', 'b0d281ca-c8c8-4d6a-89fc-c9cf3afadaf2', 'Field "status" updated from "pending" to "cancelled"', '2025-09-22 19:45:28.176264+00'),
('d12ff691-23cb-4910-ad15-22cd8de84231', 'event', '48ae39f9-156b-43ad-a914-71c777eb42a5', 'updated', 'type_id', NULL, NULL, 'b0d281ca-c8c8-4d6a-89fc-c9cf3afadaf2', 'Field "type_id" updated from "empty" to "empty"', '2025-09-24 03:17:48.541336+00'),
('329951f5-4af2-4f14-8ab0-ecb83ad2dba0', 'event', '48ae39f9-156b-43ad-a914-71c777eb42a5', 'updated', 'theme_id', NULL, '1', 'b0d281ca-c8c8-4d6a-89fc-c9cf3afadaf2', 'Field "theme_id" updated from "empty" to "1"', '2025-09-24 03:17:48.541336+00'),
('20ada7b0-fb30-4e69-94f5-59b2643a5511', 'event', '48ae39f9-156b-43ad-a914-71c777eb42a5', 'updated', 'theme_id', NULL, '2', 'b0d281ca-c8c8-4d6a-89fc-c9cf3afadaf2', 'Field "theme_id" updated from "empty" to "2"', '2025-09-24 03:17:53.741049+00'),
('c1dde025-9661-429e-bc42-3431e461acdb', 'event', 'c0541534-5a1e-4fe6-9e86-d792f8a7289a', 'updated', 'type_id', NULL, '9246c3bb-fefe-4612-b740-bf1928a0567f', 'b0d281ca-c8c8-4d6a-89fc-c9cf3afadaf2', 'Field "type_id" updated from "empty" to "9246c3bb-fefe-4612-b740-bf1928a0567f"', '2025-09-24 03:22:24.386083+00'),
('e5b8f8d8-68d6-4717-99ed-ed478ef25c42', 'event', 'd7b0519e-f1b0-4281-9485-ffa9cbd991da', 'updated', 'type_id', NULL, '888d0149-7033-4dae-b6a0-c1180137324f', 'b0d281ca-c8c8-4d6a-89fc-c9cf3afadaf2', 'Field "type_id" updated from "empty" to "888d0149-7033-4dae-b6a0-c1180137324f"', '2025-09-24 03:22:41.551611+00'),
('197ac412-04ac-4ac1-b7a5-b4475dff322b', 'event', '48ae39f9-156b-43ad-a914-71c777eb42a5', 'updated', 'type_id', NULL, '47444351-f8e7-4b71-86cc-40b73769c8ce', 'b0d281ca-c8c8-4d6a-89fc-c9cf3afadaf2', 'Field "type_id" updated from "empty" to "47444351-f8e7-4b71-86cc-40b73769c8ce"', '2025-09-24 03:23:02.704708+00'),
('bb618bfe-f30b-4bc5-89bb-4aa09e24bbec', 'event', '21da94b0-7241-459c-a4b7-0f0f7228472a', 'updated', 'theme_id', '1', '6', 'b0d281ca-c8c8-4d6a-89fc-c9cf3afadaf2', 'Field "theme_id" updated from "1" to "6"', '2025-09-24 03:23:24.49297+00'),
('69c7638a-e24c-4030-82a2-70343a14f59f', 'event', '21da94b0-7241-459c-a4b7-0f0f7228472a', 'updated', 'type_id', NULL, NULL, 'b0d281ca-c8c8-4d6a-89fc-c9cf3afadaf2', 'Field "type_id" updated from "empty" to "empty"', '2025-09-24 03:23:24.494306+00');

INSERT INTO "public".change_logs (id, entity_type, entity_id, action, field_name, old_value, new_value, changed_by, change_description, created_at) VALUES
('aca5d9b1-08d5-4fab-8832-00ea93fea6a0', 'event', '21da94b0-7241-459c-a4b7-0f0f7228472a', 'updated', 'type_id', NULL, 'e39f77df-52d3-47b2-89b5-54f9be3c98d2', 'b0d281ca-c8c8-4d6a-89fc-c9cf3afadaf2', 'Field "type_id" updated from "empty" to "e39f77df-52d3-47b2-89b5-54f9be3c98d2"', '2025-09-24 03:23:29.19024+00'),
('4bd913a3-c8fa-4895-9b69-2f6ebe28163c', 'event', '21da94b0-7241-459c-a4b7-0f0f7228472a', 'updated', 'type_id', 'e39f77df-52d3-47b2-89b5-54f9be3c98d2', NULL, 'b0d281ca-c8c8-4d6a-89fc-c9cf3afadaf2', 'Field "type_id" updated from "e39f77df-52d3-47b2-89b5-54f9be3c98d2" to "empty"', '2025-09-24 03:23:31.558148+00'),
('2396d97b-457c-4f8e-bc29-f2336c41b192', 'event', '21da94b0-7241-459c-a4b7-0f0f7228472a', 'updated', 'theme_id', '1', '6', 'b0d281ca-c8c8-4d6a-89fc-c9cf3afadaf2', 'Field "theme_id" updated from "1" to "6"', '2025-09-24 03:23:31.560279+00'),
('42e2628b-ac80-4971-a5ad-6059d9c09521', 'event', '21da94b0-7241-459c-a4b7-0f0f7228472a', 'updated', 'type_id', NULL, '85106e88-a27d-4771-aab4-039a677a5d67', 'b0d281ca-c8c8-4d6a-89fc-c9cf3afadaf2', 'Field "type_id" updated from "empty" to "85106e88-a27d-4771-aab4-039a677a5d67"', '2025-09-24 03:23:33.457132+00'),
('050b020c-369c-4e83-8be1-36ce39c9c339', 'event', '21da94b0-7241-459c-a4b7-0f0f7228472a', 'updated', 'theme_id', '1', '6', 'b0d281ca-c8c8-4d6a-89fc-c9cf3afadaf2', 'Field "theme_id" updated from "1" to "6"', '2025-09-24 03:23:36.541663+00'),
('8994c533-c578-4a35-a54c-5a3f5ab3f6e7', 'event', '21da94b0-7241-459c-a4b7-0f0f7228472a', 'updated', 'type_id', '85106e88-a27d-4771-aab4-039a677a5d67', NULL, 'b0d281ca-c8c8-4d6a-89fc-c9cf3afadaf2', 'Field "type_id" updated from "85106e88-a27d-4771-aab4-039a677a5d67" to "empty"', '2025-09-24 03:23:36.553551+00'),
('c102da61-b643-4be2-8d40-b3f96d4563a0', 'event', '21da94b0-7241-459c-a4b7-0f0f7228472a', 'updated', 'theme_id', '1', '4', 'b0d281ca-c8c8-4d6a-89fc-c9cf3afadaf2', 'Field "theme_id" updated from "1" to "4"', '2025-09-24 03:23:43.605797+00'),
('9f9b56e6-f54a-4212-bd24-675035fe0247', 'event', '21da94b0-7241-459c-a4b7-0f0f7228472a', 'updated', 'type_id', '85106e88-a27d-4771-aab4-039a677a5d67', '6180ef5b-d588-4fa3-a613-04f85805eefb', 'b0d281ca-c8c8-4d6a-89fc-c9cf3afadaf2', 'Field "type_id" updated from "85106e88-a27d-4771-aab4-039a677a5d67" to "6180ef5b-d588-4fa3-a613-04f85805eefb"', '2025-09-24 03:24:39.436793+00'),
('4d0040d7-c8be-4de4-a925-d135ed7d7994', 'event', 'c0541534-5a1e-4fe6-9e86-d792f8a7289a', 'updated', 'type_id', '9246c3bb-fefe-4612-b740-bf1928a0567f', 'a5389bd8-c5f5-4edc-bbe0-2293778e03ac', 'b0d281ca-c8c8-4d6a-89fc-c9cf3afadaf2', 'Field "type_id" updated from "9246c3bb-fefe-4612-b740-bf1928a0567f" to "a5389bd8-c5f5-4edc-bbe0-2293778e03ac"', '2025-09-24 03:24:51.72766+00'),
('92b8c8da-f803-4a98-9190-c7da43b1dd22', 'event', 'c0541534-5a1e-4fe6-9e86-d792f8a7289a', 'updated', 'type_id', 'a5389bd8-c5f5-4edc-bbe0-2293778e03ac', NULL, 'b0d281ca-c8c8-4d6a-89fc-c9cf3afadaf2', 'Field "type_id" updated from "a5389bd8-c5f5-4edc-bbe0-2293778e03ac" to "empty"', '2025-09-24 03:24:53.93671+00'),
('a7a402ff-187e-4839-afe4-d8a9b7c72ff4', 'event', 'c0541534-5a1e-4fe6-9e86-d792f8a7289a', 'updated', 'theme_id', '4', '2', 'b0d281ca-c8c8-4d6a-89fc-c9cf3afadaf2', 'Field "theme_id" updated from "4" to "2"', '2025-09-24 03:24:53.943799+00'),
('2668cd3e-c0d1-44dc-896b-ced38524bf2f', 'event', '48ae39f9-156b-43ad-a914-71c777eb42a5', 'updated', 'status', NULL, 'in_progress', 'b0d281ca-c8c8-4d6a-89fc-c9cf3afadaf2', 'Field "status" updated from "empty" to "in_progress"', '2025-09-24 03:26:57.696034+00'),
('fcc9991e-bf00-4d9a-b75b-e55880b75343', 'event', '48ae39f9-156b-43ad-a914-71c777eb42a5', 'updated', 'status', NULL, 'cancelled', 'b0d281ca-c8c8-4d6a-89fc-c9cf3afadaf2', 'Field "status" updated from "empty" to "cancelled"', '2025-09-24 15:50:11.935008+00'),
('af459053-603b-42a7-aa31-04c07152ddfd', 'event', '48ae39f9-156b-43ad-a914-71c777eb42a5', 'updated', 'type_id', NULL, '18', 'b0d281ca-c8c8-4d6a-89fc-c9cf3afadaf2', 'Field "type_id" updated from "empty" to "18"', '2025-09-24 15:59:14.289987+00'),
('b96a9b87-f202-4325-944f-390af0bce81c', 'event', '21da94b0-7241-459c-a4b7-0f0f7228472a', 'updated', 'type_id', NULL, '34', 'b0d281ca-c8c8-4d6a-89fc-c9cf3afadaf2', 'Field "type_id" updated from "empty" to "34"', '2025-09-24 15:59:18.244643+00'),
('368f5789-63b0-44a3-8f63-a58d2c55d462', 'event', 'd7b0519e-f1b0-4281-9485-ffa9cbd991da', 'updated', 'type_id', NULL, '30', 'b0d281ca-c8c8-4d6a-89fc-c9cf3afadaf2', 'Field "type_id" updated from "empty" to "30"', '2025-09-24 15:59:21.597905+00'),
('b199ed5b-0814-418e-a0a1-7f7f2cf51b24', 'event', '9cd167ad-1552-4857-9fea-6c4d3d21b4b6', 'updated', 'type_id', NULL, '3', 'b0d281ca-c8c8-4d6a-89fc-c9cf3afadaf2', 'Field "type_id" updated from "empty" to "3"', '2025-09-24 15:59:25.057158+00'),
('81ee8090-fd66-4e89-9828-25d17ba81f29', 'event', 'c0541534-5a1e-4fe6-9e86-d792f8a7289a', 'updated', 'type_id', NULL, '17', 'b0d281ca-c8c8-4d6a-89fc-c9cf3afadaf2', 'Field "type_id" updated from "empty" to "17"', '2025-09-24 15:59:27.890275+00'),
('18f6015b-c566-4d92-916c-16cb79f588ad', 'event', 'c0541534-5a1e-4fe6-9e86-d792f8a7289a', 'updated', 'type_id', '17', NULL, 'b0d281ca-c8c8-4d6a-89fc-c9cf3afadaf2', 'Field "type_id" updated from "17" to "empty"', '2025-09-24 15:59:30.56526+00'),
('3fcddca7-dbbf-47c5-9e68-811ff62f7a55', 'event', 'c0541534-5a1e-4fe6-9e86-d792f8a7289a', 'updated', 'theme_id', '2', '3', 'b0d281ca-c8c8-4d6a-89fc-c9cf3afadaf2', 'Field "theme_id" updated from "2" to "3"', '2025-09-24 15:59:30.565273+00'),
('9533eb15-670c-4bfa-97df-a7fcc82f4499', 'event', 'c0541534-5a1e-4fe6-9e86-d792f8a7289a', 'updated', 'type_id', NULL, '17', 'b0d281ca-c8c8-4d6a-89fc-c9cf3afadaf2', 'Field "type_id" updated from "empty" to "17"', '2025-09-24 15:59:36.548275+00'),
('8a891cbb-445d-40cf-818c-2b2625100729', 'event', '21da94b0-7241-459c-a4b7-0f0f7228472a', 'updated', 'type_id', '34', '35', 'b0d281ca-c8c8-4d6a-89fc-c9cf3afadaf2', 'Field "type_id" updated from "34" to "35"', '2025-09-24 15:59:58.046888+00'),
('f93cd0bc-5012-414a-a0e8-8c8a21b43d6f', 'event', 'd7b0519e-f1b0-4281-9485-ffa9cbd991da', 'updated', 'type_id', '30', '32', 'b0d281ca-c8c8-4d6a-89fc-c9cf3afadaf2', 'Field "type_id" updated from "30" to "32"', '2025-09-24 16:00:01.300894+00'),
('ed81010e-d11e-4519-a526-eaaae83d43ac', 'event', 'd7b0519e-f1b0-4281-9485-ffa9cbd991da', 'updated', 'end_date', '2025-08-15', '2025-09-15', 'b0d281ca-c8c8-4d6a-89fc-c9cf3afadaf2', 'Field "end_date" updated from "2025-08-15" to "2025-09-15"', '2025-09-24 16:28:10.598467+00'),
('80c00da7-dc59-4eca-96bc-641cb6d3db23', 'event', 'd7b0519e-f1b0-4281-9485-ffa9cbd991da', 'updated', 'end_date', '2025-09-15', '2025-09-30', 'b0d281ca-c8c8-4d6a-89fc-c9cf3afadaf2', 'Field "end_date" updated from "2025-09-15" to "2025-09-30"', '2025-09-24 16:28:12.549056+00'),
('37a6fd2d-005f-40aa-a5d2-9259cfc8eaa9', 'event', 'd7b0519e-f1b0-4281-9485-ffa9cbd991da', 'updated', 'end_date', '2025-09-30', '2025-10-30', 'b0d281ca-c8c8-4d6a-89fc-c9cf3afadaf2', 'Field "end_date" updated from "2025-09-30" to "2025-10-30"', '2025-09-24 16:29:13.561698+00'),
('4fab340f-10fb-4a2e-bb31-cff953d47611', 'event', 'd7b0519e-f1b0-4281-9485-ffa9cbd991da', 'updated', 'end_date', '2025-10-30', '2025-10-29', 'b0d281ca-c8c8-4d6a-89fc-c9cf3afadaf2', 'Field "end_date" updated from "2025-10-30" to "2025-10-29"', '2025-09-24 16:29:14.801799+00'),
('5a73fc24-68d2-4c5c-8486-6146fd80ef51', 'event', '21da94b0-7241-459c-a4b7-0f0f7228472a', 'updated', 'start_time', NULL, '17:34', 'b0d281ca-c8c8-4d6a-89fc-c9cf3afadaf2', 'Field "start_time" updated from "empty" to "17:34"', '2025-09-24 19:34:29.938453+00'),
('5d0bbac3-ecb8-4bbf-9b97-5c83c5852bc3', 'event', '21da94b0-7241-459c-a4b7-0f0f7228472a', 'updated', 'start_time', '17:34', '17:01', 'b0d281ca-c8c8-4d6a-89fc-c9cf3afadaf2', 'Field "start_time" updated from "17:34" to "17:01"', '2025-09-24 19:34:34.875031+00'),
('c26b22d4-5aec-4791-a12a-c2302a118d2d', 'event', '21da94b0-7241-459c-a4b7-0f0f7228472a', 'updated', 'end_time', NULL, '20:34', 'b0d281ca-c8c8-4d6a-89fc-c9cf3afadaf2', 'Field "end_time" updated from "empty" to "20:34"', '2025-09-24 19:34:55.198835+00'),
('990a92f3-4c15-46f8-94aa-65e19b845540', 'event', '48ae39f9-156b-43ad-a914-71c777eb42a5', 'updated', 'status', NULL, 'completed', 'b0d281ca-c8c8-4d6a-89fc-c9cf3afadaf2', 'Field "status" updated from "empty" to "completed"', '2025-09-24 20:46:07.162254+00'),
('356f6333-57ba-415c-94cb-7bb3720bbdca', 'event', '48ae39f9-156b-43ad-a914-71c777eb42a5', 'updated', 'status', NULL, 'completed', 'b0d281ca-c8c8-4d6a-89fc-c9cf3afadaf2', 'Field "status" updated from "empty" to "completed"', '2025-09-24 20:49:45.293862+00'),
('df9c2ce1-7a1f-4e9e-ba15-bdda2ace1092', 'event', '48ae39f9-156b-43ad-a914-71c777eb42a5', 'updated', 'status', 'completed', 'in_progress', 'b0d281ca-c8c8-4d6a-89fc-c9cf3afadaf2', 'Field "status" updated from "completed" to "in_progress"', '2025-09-24 20:51:42.618364+00'),
('65ae2d11-436b-4b3c-9893-f0c302bcda81', 'event', '48ae39f9-156b-43ad-a914-71c777eb42a5', 'updated', 'status', 'in_progress', 'completed', 'b0d281ca-c8c8-4d6a-89fc-c9cf3afadaf2', 'Field "status" updated from "in_progress" to "completed"', '2025-09-24 20:51:47.326727+00'),
('67a7bfd9-ac76-463e-9286-c03dfc73c9fb', 'event', '48ae39f9-156b-43ad-a914-71c777eb42a5', 'updated', 'status', 'completed', 'pending', 'b0d281ca-c8c8-4d6a-89fc-c9cf3afadaf2', 'Field "status" updated from "completed" to "pending"', '2025-09-24 20:51:49.988696+00'),
('674a4fd1-7b7a-4ef1-a303-587de32b9429', 'event', '48ae39f9-156b-43ad-a914-71c777eb42a5', 'updated', 'status', NULL, 'in_progress', 'b0d281ca-c8c8-4d6a-89fc-c9cf3afadaf2', 'Field "status" updated from "empty" to "in_progress"', '2025-09-24 22:01:16.041982+00'),
('f035b700-da21-480f-976a-800ac3abea34', 'event', '48ae39f9-156b-43ad-a914-71c777eb42a5', 'updated', 'status', 'in_progress', 'completed', 'b0d281ca-c8c8-4d6a-89fc-c9cf3afadaf2', 'Field "status" updated from "in_progress" to "completed"', '2025-09-24 22:01:18.704162+00'),
('7449b5bd-b8f4-4ca2-a201-f576d7304d19', 'event', '48ae39f9-156b-43ad-a914-71c777eb42a5', 'updated', 'status', 'completed', 'cancelled', 'b0d281ca-c8c8-4d6a-89fc-c9cf3afadaf2', 'Field "status" updated from "completed" to "cancelled"', '2025-09-24 22:01:21.649835+00'),
('d17ce1e3-dbdc-4d15-9d6b-dcaee8b538d9', 'event', '48ae39f9-156b-43ad-a914-71c777eb42a5', 'updated', 'status', NULL, 'completed', 'b0d281ca-c8c8-4d6a-89fc-c9cf3afadaf2', 'Field "status" updated from "empty" to "completed"', '2025-09-24 22:01:30.880851+00'),
('ea7c191b-d0b9-49a7-a194-2daa9ac32cca', 'event', '48ae39f9-156b-43ad-a914-71c777eb42a5', 'updated', 'status', NULL, 'completed', 'b0d281ca-c8c8-4d6a-89fc-c9cf3afadaf2', 'Field "status" updated from "empty" to "completed"', '2025-09-24 22:14:24.435107+00'),
('0991024b-bfdc-4bc4-8313-ead03e4c2fc0', 'event', '48ae39f9-156b-43ad-a914-71c777eb42a5', 'updated', 'status', 'pending', 'in_progress', 'b0d281ca-c8c8-4d6a-89fc-c9cf3afadaf2', 'Field "status" updated from "pending" to "in_progress"', '2025-09-24 22:17:33.953266+00'),
('cfd102ff-330b-42fa-a144-bdf816d6500c', 'event', '21da94b0-7241-459c-a4b7-0f0f7228472a', 'updated', 'status', 'pending', 'completed', 'b0d281ca-c8c8-4d6a-89fc-c9cf3afadaf2', 'Field "status" updated from "pending" to "completed"', '2025-09-24 22:17:37.319793+00'),
('52d95b70-b7c2-4148-b9eb-06e8dea73671', 'event', 'd7b0519e-f1b0-4281-9485-ffa9cbd991da', 'updated', 'status', 'pending', 'cancelled', 'b0d281ca-c8c8-4d6a-89fc-c9cf3afadaf2', 'Field "status" updated from "pending" to "cancelled"', '2025-09-24 22:17:40.491412+00'),
('3bcb1d37-ae8a-4a49-a580-0c7fdced55da', 'event', '48ae39f9-156b-43ad-a914-71c777eb42a5', 'updated', 'status', 'in_progress', 'completed', 'b0d281ca-c8c8-4d6a-89fc-c9cf3afadaf2', 'Field "status" updated from "in_progress" to "completed"', '2025-09-24 22:18:01.246197+00'),
('662d777d-9ab0-4913-a255-90dd7d0d15a8', 'event', '48ae39f9-156b-43ad-a914-71c777eb42a5', 'updated', 'theme_id', '2', '5', 'b0d281ca-c8c8-4d6a-89fc-c9cf3afadaf2', 'Field "theme_id" updated from "2" to "5"', '2025-09-24 22:18:19.959414+00'),
('c159192d-7697-4923-add1-6e601bf1d4ec', 'event', '48ae39f9-156b-43ad-a914-71c777eb42a5', 'updated', 'type_id', '18', NULL, 'b0d281ca-c8c8-4d6a-89fc-c9cf3afadaf2', 'Field "type_id" updated from "18" to "empty"', '2025-09-24 22:18:19.959782+00'),
('3d2e8434-80f9-40e0-8d98-f39f7ec8bcf4', 'event', '48ae39f9-156b-43ad-a914-71c777eb42a5', 'updated', 'status', 'completed', 'in_progress', 'b0d281ca-c8c8-4d6a-89fc-c9cf3afadaf2', 'Field "status" updated from "completed" to "in_progress"', '2025-09-24 22:24:51.572069+00'),
('acd2c477-547c-47f1-b4b8-39eeaef47e7f', 'event', '48ae39f9-156b-43ad-a914-71c777eb42a5', 'updated', 'status', 'in_progress', 'completed', 'b0d281ca-c8c8-4d6a-89fc-c9cf3afadaf2', 'Field "status" updated from "in_progress" to "completed"', '2025-09-24 22:26:54.553472+00'),
('154919be-5404-46f6-93a6-990294f805a1', 'event', '48ae39f9-156b-43ad-a914-71c777eb42a5', 'updated', 'status', 'completed', 'pending', 'b0d281ca-c8c8-4d6a-89fc-c9cf3afadaf2', 'Field "status" updated from "completed" to "pending"', '2025-09-24 22:26:55.996862+00'),
('77509f1c-29d1-4243-8f59-cb09264a7565', 'event', '48ae39f9-156b-43ad-a914-71c777eb42a5', 'updated', 'status', 'pending', 'in_progress', 'b0d281ca-c8c8-4d6a-89fc-c9cf3afadaf2', 'Field "status" updated from "pending" to "in_progress"', '2025-09-24 22:26:57.942047+00'),
('2fa753cc-d7c3-42d0-919c-487993dab4e0', 'event', '48ae39f9-156b-43ad-a914-71c777eb42a5', 'updated', 'status', 'in_progress', 'completed', 'b0d281ca-c8c8-4d6a-89fc-c9cf3afadaf2', 'Field "status" updated from "in_progress" to "completed"', '2025-09-24 22:26:59.525423+00'),
('2157f4a0-258a-4f47-b47d-a438b3bb42f1', 'event', '48ae39f9-156b-43ad-a914-71c777eb42a5', 'updated', 'end_date', '2025-09-16', '2025-09-22', 'b0d281ca-c8c8-4d6a-89fc-c9cf3afadaf2', 'Field "end_date" updated from "2025-09-16" to "2025-09-22"', '2025-09-24 22:28:58.180373+00'),
('58829ea0-2c0a-46eb-af0a-1da4d30a51de', 'event', '48ae39f9-156b-43ad-a914-71c777eb42a5', 'updated', 'end_date', '2025-09-22', '2025-09-01', 'b0d281ca-c8c8-4d6a-89fc-c9cf3afadaf2', 'Field "end_date" updated from "2025-09-22" to "2025-09-01"', '2025-09-24 22:29:03.154042+00'),
('17ef4ae5-29b0-43ef-9e3c-8c897530003a', 'event', '48ae39f9-156b-43ad-a914-71c777eb42a5', 'updated', 'end_date', '2025-09-01', '2025-09-08', 'b0d281ca-c8c8-4d6a-89fc-c9cf3afadaf2', 'Field "end_date" updated from "2025-09-01" to "2025-09-08"', '2025-09-24 22:31:05.208377+00'),
('09b99c32-ad09-455b-8856-dfc806927864', 'event', '48ae39f9-156b-43ad-a914-71c777eb42a5', 'updated', 'end_date', '2025-09-08', '2025-09-26', 'b0d281ca-c8c8-4d6a-89fc-c9cf3afadaf2', 'Field "end_date" updated from "2025-09-08" to "2025-09-26"', '2025-09-24 22:31:11.541489+00'),
('8e010fe2-3092-409f-8517-cd5aeaa79f2b', 'event', '48ae39f9-156b-43ad-a914-71c777eb42a5', 'updated', 'start_date', '2025-09-16', '2025-10-16', 'b0d281ca-c8c8-4d6a-89fc-c9cf3afadaf2', 'Field "start_date" updated from "2025-09-16" to "2025-10-16"', '2025-09-24 22:31:19.829414+00'),
('df6b3a60-1d07-4f7f-8a0f-e8e9c595dc14', 'event', '48ae39f9-156b-43ad-a914-71c777eb42a5', 'updated', 'start_date', '2025-10-16', '2025-10-22', 'b0d281ca-c8c8-4d6a-89fc-c9cf3afadaf2', 'Field "start_date" updated from "2025-10-16" to "2025-10-22"', '2025-09-24 22:31:21.069449+00'),
('2e287502-3009-4179-bc52-d6910e4ed8ba', 'event', '9cd167ad-1552-4857-9fea-6c4d3d21b4b6', 'updated', 'end_date', '2025-09-17', '2025-09-07', 'b0d281ca-c8c8-4d6a-89fc-c9cf3afadaf2', 'Field "end_date" updated from "2025-09-17" to "2025-09-07"', '2025-09-24 22:31:45.26029+00'),
('1d536080-4587-4d7d-9fbb-16b81f4395a3', 'event', '9cd167ad-1552-4857-9fea-6c4d3d21b4b6', 'updated', 'end_date', '2025-09-07', '2025-09-26', 'b0d281ca-c8c8-4d6a-89fc-c9cf3afadaf2', 'Field "end_date" updated from "2025-09-07" to "2025-09-26"', '2025-09-24 22:31:48.21609+00'),
('3ddfead3-7e17-4c2b-a7cb-85c201ce6c63', 'event', '9cd167ad-1552-4857-9fea-6c4d3d21b4b6', 'updated', 'start_date', '2025-09-29', '2025-09-27', 'b0d281ca-c8c8-4d6a-89fc-c9cf3afadaf2', 'Field "start_date" updated from "2025-09-29" to "2025-09-27"', '2025-09-24 22:31:51.110088+00'),
('eb18703a-b387-4db4-9ace-a137cad6042d', 'event', '48ae39f9-156b-43ad-a914-71c777eb42a5', 'updated', 'end_date', '2025-09-01', '2025-09-07', 'b0d281ca-c8c8-4d6a-89fc-c9cf3afadaf2', 'Field "end_date" updated from "2025-09-01" to "2025-09-07"', '2025-09-24 22:32:09.496698+00'),
('c09a0495-74e5-406d-9e8b-cd3ee2bd7dab', 'event', '48ae39f9-156b-43ad-a914-71c777eb42a5', 'updated', 'end_date', '2025-09-26', '2025-09-16', 'b0d281ca-c8c8-4d6a-89fc-c9cf3afadaf2', 'Field "end_date" updated from "2025-09-26" to "2025-09-16"', '2025-09-24 22:32:33.109116+00'),
('f4234045-217f-4a8f-ae96-7b2d1cb9209c', 'event', '48ae39f9-156b-43ad-a914-71c777eb42a5', 'updated', 'end_date', '2025-09-16', '2025-09-30', 'b0d281ca-c8c8-4d6a-89fc-c9cf3afadaf2', 'Field "end_date" updated from "2025-09-16" to "2025-09-30"', '2025-09-24 22:32:57.222314+00'),
('f33b7636-ca3e-4cf5-9cca-dc97be6093a2', 'event', '48ae39f9-156b-43ad-a914-71c777eb42a5', 'updated', 'start_date', '2025-10-22', '2025-10-13', 'b0d281ca-c8c8-4d6a-89fc-c9cf3afadaf2', 'Field "start_date" updated from "2025-10-22" to "2025-10-13"', '2025-09-24 22:33:02.018979+00'),
('fbdab059-99b5-4978-ac8e-737a70f9aec8', 'event', '48ae39f9-156b-43ad-a914-71c777eb42a5', 'updated', 'start_date', '2025-10-13', '2025-09-13', 'b0d281ca-c8c8-4d6a-89fc-c9cf3afadaf2', 'Field "start_date" updated from "2025-10-13" to "2025-09-13"', '2025-09-24 22:33:08.954633+00'),
('ef42f007-7824-45ba-92a0-cc661a7943b4', 'event', '48ae39f9-156b-43ad-a914-71c777eb42a5', 'updated', 'start_date', '2025-09-13', '2025-09-09', 'b0d281ca-c8c8-4d6a-89fc-c9cf3afadaf2', 'Field "start_date" updated from "2025-09-13" to "2025-09-09"', '2025-09-24 22:33:10.191023+00'),
('bfe687f2-9ec5-4ce7-9463-276e27298f74', 'event', '48ae39f9-156b-43ad-a914-71c777eb42a5', 'updated', 'end_date', '2025-09-30', '2025-09-26', 'b0d281ca-c8c8-4d6a-89fc-c9cf3afadaf2', 'Field "end_date" updated from "2025-09-30" to "2025-09-26"', '2025-09-24 22:33:26.151115+00'),
('f4e0997f-43ee-42b7-b8c0-21b502812dc3', 'event', '48ae39f9-156b-43ad-a914-71c777eb42a5', 'updated', 'end_date', '2025-09-26', '2025-09-07', 'b0d281ca-c8c8-4d6a-89fc-c9cf3afadaf2', 'Field "end_date" updated from "2025-09-26" to "2025-09-07"', '2025-09-24 22:33:29.904595+00'),
('933dcaab-f397-4092-a7c8-3b8088c4cca8', 'event', 'c0541534-5a1e-4fe6-9e86-d792f8a7289a', 'updated', 'theme_id', '2', '8', 'b0d281ca-c8c8-4d6a-89fc-c9cf3afadaf2', 'Field "theme_id" updated from "2" to "8"', '2025-09-24 22:36:23.327077+00'),
('08f6f6ef-175d-4279-aa86-2c25b7b32317', 'event', 'c0541534-5a1e-4fe6-9e86-d792f8a7289a', 'updated', 'type_id', '17', NULL, 'b0d281ca-c8c8-4d6a-89fc-c9cf3afadaf2', 'Field "type_id" updated from "17" to "empty"', '2025-09-24 22:36:23.327117+00'),
('743fc2a0-c6fe-4647-b442-4ec617243837', 'event', 'c0541534-5a1e-4fe6-9e86-d792f8a7289a', 'updated', 'theme_id', '2', '11', 'b0d281ca-c8c8-4d6a-89fc-c9cf3afadaf2', 'Field "theme_id" updated from "2" to "11"', '2025-09-24 22:36:28.20339+00'),
('082b549d-973a-4fed-a43f-e8e5ef4c3c7c', 'event', 'c0541534-5a1e-4fe6-9e86-d792f8a7289a', 'updated', 'theme_id', '11', '10', 'b0d281ca-c8c8-4d6a-89fc-c9cf3afadaf2', 'Field "theme_id" updated from "11" to "10"', '2025-09-24 22:36:37.206138+00'),
('e3ffb7de-deea-4045-be33-ef1e14f4c9c8', 'event', 'c0541534-5a1e-4fe6-9e86-d792f8a7289a', 'updated', 'theme_id', '10', '1', 'b0d281ca-c8c8-4d6a-89fc-c9cf3afadaf2', 'Field "theme_id" updated from "10" to "1"', '2025-09-24 22:36:43.16238+00'),
('0ff924f9-3b3b-4dce-8c21-af6222249bab', 'event', 'c0541534-5a1e-4fe6-9e86-d792f8a7289a', 'updated', 'theme_id', '8', '2', 'b0d281ca-c8c8-4d6a-89fc-c9cf3afadaf2', 'Field "theme_id" updated from "8" to "2"', '2025-09-24 22:37:03.482129+00'),
('d756e541-2111-4ce5-946a-c4d91a0c9304', 'event', 'c0541534-5a1e-4fe6-9e86-d792f8a7289a', 'updated', 'type_id', '17', NULL, 'b0d281ca-c8c8-4d6a-89fc-c9cf3afadaf2', 'Field "type_id" updated from "17" to "empty"', '2025-09-24 22:37:03.484921+00'),
('d6257ca1-3d71-4886-93d3-a22ebb9d43da', 'event', 'c0541534-5a1e-4fe6-9e86-d792f8a7289a', 'updated', 'theme_id', '8', '11', 'b0d281ca-c8c8-4d6a-89fc-c9cf3afadaf2', 'Field "theme_id" updated from "8" to "11"', '2025-09-24 22:37:07.337488+00'),
('31edf968-f7bb-454b-bf20-f193088c4308', 'event', 'c0541534-5a1e-4fe6-9e86-d792f8a7289a', 'updated', 'theme_id', '11', '7', 'b0d281ca-c8c8-4d6a-89fc-c9cf3afadaf2', 'Field "theme_id" updated from "11" to "7"', '2025-09-24 22:37:11.332068+00'),
('bd9581bd-15d4-476c-82da-a7f7edbab0b6', 'event', '48ae39f9-156b-43ad-a914-71c777eb42a5', 'updated', 'theme_id', '5', '8', 'b0d281ca-c8c8-4d6a-89fc-c9cf3afadaf2', 'Field "theme_id" updated from "5" to "8"', '2025-09-24 22:37:23.914205+00'),
('4b230fe4-ff21-461f-9f79-7714cfc239da', 'event', '48ae39f9-156b-43ad-a914-71c777eb42a5', 'updated', 'theme_id', '5', '4', 'b0d281ca-c8c8-4d6a-89fc-c9cf3afadaf2', 'Field "theme_id" updated from "5" to "4"', '2025-09-24 22:37:28.762674+00'),
('b08f8eb4-4724-4453-b6bf-ac935c9ff5fb', 'event', '21da94b0-7241-459c-a4b7-0f0f7228472a', 'updated', 'type_id', '35', NULL, 'b0d281ca-c8c8-4d6a-89fc-c9cf3afadaf2', 'Field "type_id" updated from "35" to "empty"', '2025-09-24 22:37:49.962002+00'),
('789617b0-87e1-4ef6-9b65-f235e7df13e4', 'event', '21da94b0-7241-459c-a4b7-0f0f7228472a', 'updated', 'theme_id', '6', '1', 'b0d281ca-c8c8-4d6a-89fc-c9cf3afadaf2', 'Field "theme_id" updated from "6" to "1"', '2025-09-24 22:37:49.975233+00'),
('f1031a7b-9408-4916-a6e3-489584a03642', 'event', '21da94b0-7241-459c-a4b7-0f0f7228472a', 'updated', 'theme_id', '6', '11', 'b0d281ca-c8c8-4d6a-89fc-c9cf3afadaf2', 'Field "theme_id" updated from "6" to "11"', '2025-09-24 22:37:59.258051+00'),
('521e17bb-23c5-46fb-866c-9c299ed7da4d', 'event', '21da94b0-7241-459c-a4b7-0f0f7228472a', 'updated', 'theme_id', '1', '7', 'b0d281ca-c8c8-4d6a-89fc-c9cf3afadaf2', 'Field "theme_id" updated from "1" to "7"', '2025-09-24 22:38:22.178589+00'),
('b690ab59-8076-4a5f-ae52-6cfd08e11477', 'event', '21da94b0-7241-459c-a4b7-0f0f7228472a', 'updated', 'type_id', '35', NULL, 'b0d281ca-c8c8-4d6a-89fc-c9cf3afadaf2', 'Field "type_id" updated from "35" to "empty"', '2025-09-24 22:38:22.185023+00'),
('092b1246-0d8e-4d8e-a1c7-179cae496100', 'event', '48ae39f9-156b-43ad-a914-71c777eb42a5', 'updated', 'theme_id', '8', '2', 'b0d281ca-c8c8-4d6a-89fc-c9cf3afadaf2', 'Field "theme_id" updated from "8" to "2"', '2025-09-24 22:38:44.255221+00'),
('38383d65-51b3-4910-a8dd-8f2997396253', 'event', '48ae39f9-156b-43ad-a914-71c777eb42a5', 'updated', 'type_id', '18', NULL, 'b0d281ca-c8c8-4d6a-89fc-c9cf3afadaf2', 'Field "type_id" updated from "18" to "empty"', '2025-09-24 22:38:44.26077+00'),
('f0954944-75a7-47b3-81ff-29d68b1a8f79', 'event', '48ae39f9-156b-43ad-a914-71c777eb42a5', 'updated', 'theme_id', '8', '2', 'b0d281ca-c8c8-4d6a-89fc-c9cf3afadaf2', 'Field "theme_id" updated from "8" to "2"', '2025-09-24 22:38:47.936647+00'),
('24e96e19-51d1-4e9f-b952-ffe5ff49a793', 'event', '48ae39f9-156b-43ad-a914-71c777eb42a5', 'updated', 'theme_id', '2', '8', 'b0d281ca-c8c8-4d6a-89fc-c9cf3afadaf2', 'Field "theme_id" updated from "2" to "8"', '2025-09-24 22:38:51.604042+00'),
('45dbb649-5e72-4552-8811-236633d1e747', 'event', '48ae39f9-156b-43ad-a914-71c777eb42a5', 'updated', 'theme_id', '8', '4', 'b0d281ca-c8c8-4d6a-89fc-c9cf3afadaf2', 'Field "theme_id" updated from "8" to "4"', '2025-09-24 22:38:55.174009+00'),
('17120775-2029-4c24-ba33-3b9d04a7a260', 'event', '9cd167ad-1552-4857-9fea-6c4d3d21b4b6', 'updated', 'type_id', '3', '1', 'b0d281ca-c8c8-4d6a-89fc-c9cf3afadaf2', 'Field "type_id" updated from "3" to "1"', '2025-09-24 22:40:00.668892+00'),
('7a5bc789-5ccd-4b31-8d40-dcd8459aec28', 'event', '21da94b0-7241-459c-a4b7-0f0f7228472a', 'updated', 'type_id', '35', NULL, 'b0d281ca-c8c8-4d6a-89fc-c9cf3afadaf2', 'Field "type_id" updated from "35" to "empty"', '2025-09-24 22:41:21.658438+00'),
('99322260-b52e-4ae9-afd6-c9f579a762b5', 'event', '21da94b0-7241-459c-a4b7-0f0f7228472a', 'updated', 'theme_id', '7', '2', 'b0d281ca-c8c8-4d6a-89fc-c9cf3afadaf2', 'Field "theme_id" updated from "7" to "2"', '2025-09-24 22:41:21.663517+00'),
('4812c0a1-dfee-43da-ae22-fb1da012942e', 'event', '48ae39f9-156b-43ad-a914-71c777eb42a5', 'updated', 'type_id', '18', NULL, 'b0d281ca-c8c8-4d6a-89fc-c9cf3afadaf2', 'Field "type_id" updated from "18" to "empty"', '2025-09-24 22:41:31.858843+00'),
('865061ee-0692-4551-aceb-2c1bf8b1a0da', 'event', '48ae39f9-156b-43ad-a914-71c777eb42a5', 'updated', 'theme_id', '2', '11', 'b0d281ca-c8c8-4d6a-89fc-c9cf3afadaf2', 'Field "theme_id" updated from "2" to "11"', '2025-09-24 22:41:31.862083+00'),
('fb3bc746-f53a-472c-86f7-7e96271c0ac1', 'event', '21da94b0-7241-459c-a4b7-0f0f7228472a', 'updated', 'type_id', '35', NULL, 'b0d281ca-c8c8-4d6a-89fc-c9cf3afadaf2', 'Field "type_id" updated from "35" to "empty"', '2025-09-24 22:41:48.353763+00'),
('76e97db9-63ff-484e-8187-ee6ac064df5c', 'event', '21da94b0-7241-459c-a4b7-0f0f7228472a', 'updated', 'theme_id', '2', '8', 'b0d281ca-c8c8-4d6a-89fc-c9cf3afadaf2', 'Field "theme_id" updated from "2" to "8"', '2025-09-24 22:41:48.358117+00'),
('49184adc-ddf1-4275-a032-d1f99ec3a773', 'event', '21da94b0-7241-459c-a4b7-0f0f7228472a', 'updated', 'theme_id', '2', '3', 'b0d281ca-c8c8-4d6a-89fc-c9cf3afadaf2', 'Field "theme_id" updated from "2" to "3"', '2025-09-24 22:42:01.629787+00'),
('d30064b1-0683-4af0-b502-8043999a739b', 'event', '21da94b0-7241-459c-a4b7-0f0f7228472a', 'updated', 'theme_id', '3', '11', 'b0d281ca-c8c8-4d6a-89fc-c9cf3afadaf2', 'Field "theme_id" updated from "3" to "11"', '2025-09-24 22:42:53.161898+00'),
('cc918e1c-061d-4215-ba95-133e141ccbfd', 'event', '21da94b0-7241-459c-a4b7-0f0f7228472a', 'updated', 'type_id', NULL, '11', 'b0d281ca-c8c8-4d6a-89fc-c9cf3afadaf2', 'Field "type_id" updated from "empty" to "11"', '2025-09-24 22:42:55.793016+00'),
('1b4545db-81b5-48be-9fa2-d9b2da12353a', 'event', '21da94b0-7241-459c-a4b7-0f0f7228472a', 'updated', 'type_id', '11', NULL, 'b0d281ca-c8c8-4d6a-89fc-c9cf3afadaf2', 'Field "type_id" updated from "11" to "empty"', '2025-09-24 22:42:58.719494+00');

INSERT INTO "public".change_logs (id, entity_type, entity_id, action, field_name, old_value, new_value, changed_by, change_description, created_at) VALUES
('af3e7ae1-718c-4e85-a429-2da8dac4855e', 'event', '21da94b0-7241-459c-a4b7-0f0f7228472a', 'updated', 'theme_id', '11', '4', 'b0d281ca-c8c8-4d6a-89fc-c9cf3afadaf2', 'Field "theme_id" updated from "11" to "4"', '2025-09-24 22:42:58.724373+00'),
('2d1331ba-60e0-43ae-9a28-de8f6035ca10', 'event', '21da94b0-7241-459c-a4b7-0f0f7228472a', 'updated', 'theme_id', '11', '3', 'b0d281ca-c8c8-4d6a-89fc-c9cf3afadaf2', 'Field "theme_id" updated from "11" to "3"', '2025-09-24 22:43:03.769668+00'),
('86a72b7e-a834-46fb-bd7a-3782f4c17c63', 'event', '21da94b0-7241-459c-a4b7-0f0f7228472a', 'updated', 'type_id', NULL, '2', 'b0d281ca-c8c8-4d6a-89fc-c9cf3afadaf2', 'Field "type_id" updated from "empty" to "2"', '2025-09-24 22:43:06.494654+00'),
('1c25a3d0-f829-4e60-9a4b-8618442387f9', 'event', '21da94b0-7241-459c-a4b7-0f0f7228472a', 'updated', 'theme_id', '3', '6', 'b0d281ca-c8c8-4d6a-89fc-c9cf3afadaf2', 'Field "theme_id" updated from "3" to "6"', '2025-09-24 22:43:12.170204+00'),
('351090e9-3457-4cac-8058-bf899d6a4217', 'event', '21da94b0-7241-459c-a4b7-0f0f7228472a', 'updated', 'type_id', '2', NULL, 'b0d281ca-c8c8-4d6a-89fc-c9cf3afadaf2', 'Field "type_id" updated from "2" to "empty"', '2025-09-24 22:43:12.169922+00'),
('a4cb1682-78f9-46e5-91e9-edcb03df7e08', 'event', '21da94b0-7241-459c-a4b7-0f0f7228472a', 'updated', 'theme_id', '6', '1', 'b0d281ca-c8c8-4d6a-89fc-c9cf3afadaf2', 'Field "theme_id" updated from "6" to "1"', '2025-09-24 22:43:25.785316+00'),
('8dddec16-c52f-483f-a44f-c15194b819f3', 'event', '21da94b0-7241-459c-a4b7-0f0f7228472a', 'updated', 'type_id', '2', NULL, 'b0d281ca-c8c8-4d6a-89fc-c9cf3afadaf2', 'Field "type_id" updated from "2" to "empty"', '2025-09-24 22:43:25.785712+00'),
('a45c30e0-a875-4956-9fe8-fe27ab05c624', 'event', '21da94b0-7241-459c-a4b7-0f0f7228472a', 'updated', 'theme_id', '6', '8', 'b0d281ca-c8c8-4d6a-89fc-c9cf3afadaf2', 'Field "theme_id" updated from "6" to "8"', '2025-09-24 22:43:52.892619+00'),
('3ae2c74a-11e6-4a88-8f74-4135cf4d0f1a', 'event', '21da94b0-7241-459c-a4b7-0f0f7228472a', 'updated', 'theme_id', '8', '7', 'b0d281ca-c8c8-4d6a-89fc-c9cf3afadaf2', 'Field "theme_id" updated from "8" to "7"', '2025-09-24 22:43:57.136118+00'),
('7fd60721-26fc-41de-8aeb-ca68995c01a0', 'event', '21da94b0-7241-459c-a4b7-0f0f7228472a', 'updated', 'type_id', NULL, '5', 'b0d281ca-c8c8-4d6a-89fc-c9cf3afadaf2', 'Field "type_id" updated from "empty" to "5"', '2025-09-24 22:43:59.651457+00'),
('2fcf9b3d-071c-4c9b-a128-70d2f60bb5dd', 'event', '21da94b0-7241-459c-a4b7-0f0f7228472a', 'updated', 'theme_id', '7', '11', 'b0d281ca-c8c8-4d6a-89fc-c9cf3afadaf2', 'Field "theme_id" updated from "7" to "11"', '2025-09-24 22:44:01.479679+00'),
('ad5dbca2-d00a-4a54-8049-ed9a81b4af0a', 'event', '21da94b0-7241-459c-a4b7-0f0f7228472a', 'updated', 'type_id', '5', NULL, 'b0d281ca-c8c8-4d6a-89fc-c9cf3afadaf2', 'Field "type_id" updated from "5" to "empty"', '2025-09-24 22:44:01.477547+00'),
('1cb38661-bccb-4ac1-9c52-8374ad665a6b', 'event', '21da94b0-7241-459c-a4b7-0f0f7228472a', 'updated', 'theme_id', '7', '9', 'b0d281ca-c8c8-4d6a-89fc-c9cf3afadaf2', 'Field "theme_id" updated from "7" to "9"', '2025-09-24 22:44:06.729203+00'),
('7f60d7fc-102b-4b05-90e2-627d536bc10f', 'event', '21da94b0-7241-459c-a4b7-0f0f7228472a', 'updated', 'theme_id', '9', '11', 'b0d281ca-c8c8-4d6a-89fc-c9cf3afadaf2', 'Field "theme_id" updated from "9" to "11"', '2025-09-24 22:44:20.815046+00'),
('d49466c6-4bbd-4a5e-b49d-62504fb854e7', 'event', '21da94b0-7241-459c-a4b7-0f0f7228472a', 'updated', 'theme_id', '11', '6', 'b0d281ca-c8c8-4d6a-89fc-c9cf3afadaf2', 'Manual save: theme_id updated', '2025-09-24 22:44:33.121629+00'),
('cf16290b-4e9b-4de5-8425-e9b2171e22fe', 'event', '21da94b0-7241-459c-a4b7-0f0f7228472a', 'updated', 'type_id', NULL, '35', 'b0d281ca-c8c8-4d6a-89fc-c9cf3afadaf2', 'Manual save: type_id updated', '2025-09-24 22:44:33.180815+00'),
('671c19c8-9259-435a-a329-899b1157f86d', 'event', '21da94b0-7241-459c-a4b7-0f0f7228472a', 'updated', 'theme_id', '7', '2', 'b0d281ca-c8c8-4d6a-89fc-c9cf3afadaf2', 'Field "theme_id" updated from "7" to "2"', '2025-09-24 22:45:23.63449+00'),
('5c900c2b-406d-4a2d-829e-31f4fc8ea0d6', 'event', '21da94b0-7241-459c-a4b7-0f0f7228472a', 'updated', 'type_id', NULL, '17', 'b0d281ca-c8c8-4d6a-89fc-c9cf3afadaf2', 'Field "type_id" updated from "empty" to "17"', '2025-09-24 22:45:26.257141+00'),
('3716f906-f92f-4375-8406-95ed4c1652cb', 'event', '21da94b0-7241-459c-a4b7-0f0f7228472a', 'updated', 'type_id', '17', NULL, 'b0d281ca-c8c8-4d6a-89fc-c9cf3afadaf2', 'Field "type_id" updated from "17" to "empty"', '2025-09-24 22:45:33.508892+00'),
('9970af63-358a-4c95-a38f-41e521639dfc', 'event', '21da94b0-7241-459c-a4b7-0f0f7228472a', 'updated', 'theme_id', '2', '8', 'b0d281ca-c8c8-4d6a-89fc-c9cf3afadaf2', 'Field "theme_id" updated from "2" to "8"', '2025-09-24 22:45:33.508591+00'),
('a4ce007a-7ab1-4a16-aa4f-e2b7a816eaf8', 'event', '21da94b0-7241-459c-a4b7-0f0f7228472a', 'updated', 'type_id', NULL, '13', 'b0d281ca-c8c8-4d6a-89fc-c9cf3afadaf2', 'Field "type_id" updated from "empty" to "13"', '2025-09-24 22:46:50.906897+00'),
('68ce9bbc-f3a2-42a5-a79a-dd760ab780c1', 'event', '21da94b0-7241-459c-a4b7-0f0f7228472a', 'updated', 'type_id', NULL, '9', 'b0d281ca-c8c8-4d6a-89fc-c9cf3afadaf2', 'Field "type_id" updated from "empty" to "9"', '2025-09-24 22:46:59.441652+00'),
('85497184-0671-4fd2-b94b-22824208e5a0', 'event', '21da94b0-7241-459c-a4b7-0f0f7228472a', 'updated', 'type_id', '9', '8', 'b0d281ca-c8c8-4d6a-89fc-c9cf3afadaf2', 'Field "type_id" updated from "9" to "8"', '2025-09-24 22:47:04.525326+00'),
('1e2fffe8-dabe-44ad-a84f-d8551d5bd5b5', 'event', '21da94b0-7241-459c-a4b7-0f0f7228472a', 'updated', 'type_id', '9', '7', 'b0d281ca-c8c8-4d6a-89fc-c9cf3afadaf2', 'Field "type_id" updated from "9" to "7"', '2025-09-24 22:47:07.945213+00'),
('710cca0b-498c-4814-b39f-4c3c90a89174', 'event', '21da94b0-7241-459c-a4b7-0f0f7228472a', 'updated', 'type_id', NULL, '8', 'b0d281ca-c8c8-4d6a-89fc-c9cf3afadaf2', 'Field "type_id" updated from "empty" to "8"', '2025-09-24 22:47:29.52138+00'),
('a098b6e5-cca4-4ccd-b2b7-df51abe58b17', 'event', '21da94b0-7241-459c-a4b7-0f0f7228472a', 'updated', 'type_id', NULL, '4', 'b0d281ca-c8c8-4d6a-89fc-c9cf3afadaf2', 'Field "type_id" updated from "empty" to "4"', '2025-09-24 22:47:54.535453+00'),
('619ceff3-ae7b-452d-9aad-c5b926399e22', 'event', '21da94b0-7241-459c-a4b7-0f0f7228472a', 'updated', 'type_id', NULL, '37', 'b0d281ca-c8c8-4d6a-89fc-c9cf3afadaf2', 'Field "type_id" updated from "empty" to "37"', '2025-09-24 22:48:14.23152+00'),
('30ff46ba-4590-499d-add6-9cc0279b6d0d', 'event', '21da94b0-7241-459c-a4b7-0f0f7228472a', 'updated', 'type_id', '37', '18', 'b0d281ca-c8c8-4d6a-89fc-c9cf3afadaf2', 'Field "type_id" updated from "37" to "18"', '2025-09-24 22:48:19.134953+00'),
('b68b7795-586e-42e8-a0d6-b1b280d24e1d', 'event', 'd7b0519e-f1b0-4281-9485-ffa9cbd991da', 'updated', 'type_id', NULL, '11', 'b0d281ca-c8c8-4d6a-89fc-c9cf3afadaf2', 'Field "type_id" updated from "empty" to "11"', '2025-09-24 22:48:47.578872+00'),
('40e4b807-2b1a-4fbb-8d21-a41d14481a50', 'event', 'd7b0519e-f1b0-4281-9485-ffa9cbd991da', 'updated', 'theme_id', '7', '9', 'b0d281ca-c8c8-4d6a-89fc-c9cf3afadaf2', 'Manual save: theme_id updated', '2025-09-24 22:49:27.748411+00'),
('d51a75a1-ded7-4486-849d-71e12be26d46', 'event', 'd7b0519e-f1b0-4281-9485-ffa9cbd991da', 'updated', 'type_id', NULL, '15', 'b0d281ca-c8c8-4d6a-89fc-c9cf3afadaf2', 'Manual save: type_id updated', '2025-09-24 22:49:27.821807+00'),
('03b10740-9cb8-44e1-b819-4b561c397777', 'event', 'd7b0519e-f1b0-4281-9485-ffa9cbd991da', 'updated', 'type_id', NULL, '9', 'b0d281ca-c8c8-4d6a-89fc-c9cf3afadaf2', 'Manual save: type_id updated', '2025-09-24 22:49:45.371985+00'),
('c419bee4-931b-4e32-bee9-b692983168b9', 'event', 'd7b0519e-f1b0-4281-9485-ffa9cbd991da', 'updated', 'type_id', NULL, '37', 'b0d281ca-c8c8-4d6a-89fc-c9cf3afadaf2', 'Field "type_id" updated from "empty" to "37"', '2025-09-24 22:50:02.259204+00'),
('d6f9c45f-b0de-4fb4-897c-b697a74feb1a', 'event', '48ae39f9-156b-43ad-a914-71c777eb42a5', 'updated', 'type_id', NULL, '17', 'b0d281ca-c8c8-4d6a-89fc-c9cf3afadaf2', 'Field "type_id" updated from "empty" to "17"', '2025-09-24 22:51:42.522158+00'),
('46b84182-c409-4f30-af85-53f3c4233d23', 'event', '48ae39f9-156b-43ad-a914-71c777eb42a5', 'updated', 'type_id', NULL, '8', 'b0d281ca-c8c8-4d6a-89fc-c9cf3afadaf2', 'Field "type_id" updated from "empty" to "8"', '2025-09-24 22:51:48.48968+00'),
('5b70f30c-08b2-48e0-9d2e-eeaf1b0f9a7d', 'event', '21da94b0-7241-459c-a4b7-0f0f7228472a', 'updated', 'type_id', '6', '5', 'b0d281ca-c8c8-4d6a-89fc-c9cf3afadaf2', 'Field "type_id" updated from "6" to "5"', '2025-09-24 22:53:34.220939+00'),
('e5592d39-d860-4b0a-ac5a-228d58460388', 'event', 'd7b0519e-f1b0-4281-9485-ffa9cbd991da', 'updated', 'type_id', '10', '11', 'b0d281ca-c8c8-4d6a-89fc-c9cf3afadaf2', 'Field "type_id" updated from "10" to "11"', '2025-09-24 22:53:42.338257+00'),
('9ab7e7b5-c927-4ffa-856b-11e3a13ee42b', 'event', '48ae39f9-156b-43ad-a914-71c777eb42a5', 'updated', 'theme_id', '4', '11', 'b0d281ca-c8c8-4d6a-89fc-c9cf3afadaf2', 'Field "theme_id" updated from "4" to "11"', '2025-09-24 22:56:10.859046+00'),
('4c010357-a3a6-432e-82c8-f55f905eced5', 'event', '48ae39f9-156b-43ad-a914-71c777eb42a5', 'updated', 'type_id', '8', NULL, 'b0d281ca-c8c8-4d6a-89fc-c9cf3afadaf2', 'Field "type_id" updated from "8" to "empty"', '2025-09-24 22:56:10.860525+00'),
('b4effe1f-8d64-45bf-8c9a-c415d1f19b26', 'event', '21da94b0-7241-459c-a4b7-0f0f7228472a', 'updated', 'theme_id', '7', '1', 'b0d281ca-c8c8-4d6a-89fc-c9cf3afadaf2', 'Field "theme_id" updated from "7" to "1"', '2025-09-24 22:56:16.213257+00'),
('839d07d4-9a30-454c-b298-609d74c8ec07', 'event', '21da94b0-7241-459c-a4b7-0f0f7228472a', 'updated', 'type_id', '5', NULL, 'b0d281ca-c8c8-4d6a-89fc-c9cf3afadaf2', 'Field "type_id" updated from "5" to "empty"', '2025-09-24 22:56:16.217404+00'),
('0bd56290-f41a-48bb-a82c-0c5661c02f97', 'event', '21da94b0-7241-459c-a4b7-0f0f7228472a', 'updated', 'type_id', '7', '8', 'b0d281ca-c8c8-4d6a-89fc-c9cf3afadaf2', 'Field "type_id" updated from "7" to "8"', '2025-09-24 22:56:28.581846+00'),
('fc9eba33-fbc1-42e4-bfeb-9678586c124e', 'event', '21da94b0-7241-459c-a4b7-0f0f7228472a', 'updated', 'type_id', '16', '17', 'b0d281ca-c8c8-4d6a-89fc-c9cf3afadaf2', 'Field "type_id" updated from "16" to "17"', '2025-09-24 22:56:41.20535+00'),
('3b1d62c5-4d60-4332-9c27-90f82d784ebb', 'event', 'd7b0519e-f1b0-4281-9485-ffa9cbd991da', 'updated', 'type_id', NULL, '3', 'b0d281ca-c8c8-4d6a-89fc-c9cf3afadaf2', 'Field "type_id" updated from "empty" to "3"', '2025-09-24 22:58:18.514894+00'),
('ef857a56-cacb-4536-9246-15aa3d74b0f5', 'event', 'd7b0519e-f1b0-4281-9485-ffa9cbd991da', 'updated', 'type_id', NULL, '32', 'b0d281ca-c8c8-4d6a-89fc-c9cf3afadaf2', 'Field "type_id" updated from "empty" to "32"', '2025-09-24 22:58:21.093112+00'),
('ca39ed5c-476f-4ab3-a90d-a2ac119fe49d', 'event', 'c0541534-5a1e-4fe6-9e86-d792f8a7289a', 'updated', 'type_id', NULL, '24', 'b0d281ca-c8c8-4d6a-89fc-c9cf3afadaf2', 'Field "type_id" updated from "empty" to "24"', '2025-09-24 22:58:24.302893+00'),
('12613e95-52d5-45c1-9bfe-c78abb904c38', 'event', '21da94b0-7241-459c-a4b7-0f0f7228472a', 'updated', 'type_id', NULL, '34', 'b0d281ca-c8c8-4d6a-89fc-c9cf3afadaf2', 'Field "type_id" updated from "empty" to "34"', '2025-09-24 22:58:30.300313+00'),
('ac03f684-d32e-4f20-93a1-d9a918fde119', 'event', 'd7b0519e-f1b0-4281-9485-ffa9cbd991da', 'updated', 'type_id', NULL, '12', 'b0d281ca-c8c8-4d6a-89fc-c9cf3afadaf2', 'Field "type_id" updated from "empty" to "12"', '2025-09-24 22:58:40.948924+00'),
('694c88ad-0536-4f19-a092-41247848f052', 'event', 'd7b0519e-f1b0-4281-9485-ffa9cbd991da', 'updated', 'type_id', NULL, '19', 'b0d281ca-c8c8-4d6a-89fc-c9cf3afadaf2', 'Field "type_id" updated from "empty" to "19"', '2025-09-24 22:58:50.189278+00'),
('53501340-05e9-424c-bb3b-366259453c89', 'event', '48ae39f9-156b-43ad-a914-71c777eb42a5', 'updated', 'type_id', NULL, '17', 'b0d281ca-c8c8-4d6a-89fc-c9cf3afadaf2', 'Field "type_id" updated from "empty" to "17"', '2025-09-24 22:59:06.910715+00'),
('8657f5af-a522-423b-b93d-4d810039fbe9', 'event', '21da94b0-7241-459c-a4b7-0f0f7228472a', 'updated', 'type_id', NULL, '11', 'b0d281ca-c8c8-4d6a-89fc-c9cf3afadaf2', 'Field "type_id" updated from "empty" to "11"', '2025-09-24 22:59:17.303533+00'),
('bd3555ae-ffdc-4f31-a424-e85ceed5364d', 'event', 'd7b0519e-f1b0-4281-9485-ffa9cbd991da', 'updated', 'type_id', '19', NULL, 'b0d281ca-c8c8-4d6a-89fc-c9cf3afadaf2', 'Field "type_id" updated from "19" to "empty"', '2025-09-24 22:59:40.646363+00'),
('13e666be-f87f-4173-aec4-d00c598c7e35', 'event', 'd7b0519e-f1b0-4281-9485-ffa9cbd991da', 'updated', 'theme_id', '9', '5', 'b0d281ca-c8c8-4d6a-89fc-c9cf3afadaf2', 'Field "theme_id" updated from "9" to "5"', '2025-09-24 22:59:40.645844+00'),
('6e0386ca-79e8-445d-b072-24cba001592c', 'event', 'd7b0519e-f1b0-4281-9485-ffa9cbd991da', 'updated', 'theme_id', '9', '1', 'b0d281ca-c8c8-4d6a-89fc-c9cf3afadaf2', 'Field "theme_id" updated from "9" to "1"', '2025-09-24 22:59:43.598102+00'),
('87ea4b8c-2b2f-4780-9c1f-5813ca67566d', 'event', 'd7b0519e-f1b0-4281-9485-ffa9cbd991da', 'updated', 'theme_id', '1', '9', 'b0d281ca-c8c8-4d6a-89fc-c9cf3afadaf2', 'Field "theme_id" updated from "1" to "9"', '2025-09-24 22:59:48.075612+00'),
('10e7c32a-1b02-47be-909e-e965b26171c8', 'event', '21da94b0-7241-459c-a4b7-0f0f7228472a', 'updated', 'type_id', '11', '10', 'b0d281ca-c8c8-4d6a-89fc-c9cf3afadaf2', 'Field "type_id" updated from "11" to "10"', '2025-09-24 22:59:54.37359+00'),
('18cd58b6-f5d0-4913-a85b-a36213d92c40', 'event', '21da94b0-7241-459c-a4b7-0f0f7228472a', 'updated', 'type_id', '11', '10', 'b0d281ca-c8c8-4d6a-89fc-c9cf3afadaf2', 'Field "type_id" updated from "11" to "10"', '2025-09-24 22:59:57.567332+00'),
('36d9314c-10ec-4b6a-9905-1e8a9238080c', 'event', '48ae39f9-156b-43ad-a914-71c777eb42a5', 'updated', 'type_id', '17', NULL, 'b0d281ca-c8c8-4d6a-89fc-c9cf3afadaf2', 'Field "type_id" updated from "17" to "empty"', '2025-09-24 23:00:06.036741+00'),
('fa5b5640-560b-45f4-94ce-55edb32bb0bd', 'event', '48ae39f9-156b-43ad-a914-71c777eb42a5', 'updated', 'theme_id', '2', '10', 'b0d281ca-c8c8-4d6a-89fc-c9cf3afadaf2', 'Field "theme_id" updated from "2" to "10"', '2025-09-24 23:00:06.039798+00'),
('d2f47bf0-233f-4836-89c8-49d60b81a959', 'event', '21da94b0-7241-459c-a4b7-0f0f7228472a', 'updated', 'type_id', '10', '11', 'b0d281ca-c8c8-4d6a-89fc-c9cf3afadaf2', 'Field "type_id" updated from "10" to "11"', '2025-09-24 23:00:13.180902+00'),
('8b54573c-a85f-4c5e-818d-679da4d19969', 'event', '21da94b0-7241-459c-a4b7-0f0f7228472a', 'updated', 'type_id', '10', '11', 'b0d281ca-c8c8-4d6a-89fc-c9cf3afadaf2', 'Field "type_id" updated from "10" to "11"', '2025-09-24 23:00:19.104081+00'),
('ca36d81b-be8c-44f9-ad8d-227864af1a7a', 'event', '48ae39f9-156b-43ad-a914-71c777eb42a5', 'updated', 'theme_id', '10', '4', 'b0d281ca-c8c8-4d6a-89fc-c9cf3afadaf2', 'Field "theme_id" updated from "10" to "4"', '2025-09-24 23:00:31.71825+00'),
('cbb2d9e3-1a2b-4850-9ec0-578152ca34ab', 'event', '48ae39f9-156b-43ad-a914-71c777eb42a5', 'updated', 'type_id', '17', NULL, 'b0d281ca-c8c8-4d6a-89fc-c9cf3afadaf2', 'Field "type_id" updated from "17" to "empty"', '2025-09-24 23:00:31.731253+00'),
('e9c0ebb5-cf81-4b31-a4d8-cd3a3eecd907', 'event', 'd7b0519e-f1b0-4281-9485-ffa9cbd991da', 'updated', 'theme_id', '5', '2', 'b0d281ca-c8c8-4d6a-89fc-c9cf3afadaf2', 'Field "theme_id" updated from "5" to "2"', '2025-09-24 23:01:55.484849+00'),
('cf1348ba-75fc-419d-a29b-d9b869c731b2', 'event', 'd7b0519e-f1b0-4281-9485-ffa9cbd991da', 'updated', 'type_id', '19', NULL, 'b0d281ca-c8c8-4d6a-89fc-c9cf3afadaf2', 'Field "type_id" updated from "19" to "empty"', '2025-09-24 23:01:55.482638+00'),
('4dd15159-32de-48cb-bd95-159edf12f314', 'event', 'd7b0519e-f1b0-4281-9485-ffa9cbd991da', 'updated', 'type_id', '19', NULL, 'b0d281ca-c8c8-4d6a-89fc-c9cf3afadaf2', 'Field "type_id" updated from "19" to "empty"', '2025-09-24 23:02:06.948367+00'),
('2577d029-de7f-4fd7-b592-839a2d7d39da', 'event', 'd7b0519e-f1b0-4281-9485-ffa9cbd991da', 'updated', 'theme_id', '2', '9', 'b0d281ca-c8c8-4d6a-89fc-c9cf3afadaf2', 'Field "theme_id" updated from "2" to "9"', '2025-09-24 23:02:06.951342+00'),
('8300a158-001c-4bc9-b67a-80457ccdb14d', 'event', 'd7b0519e-f1b0-4281-9485-ffa9cbd991da', 'updated', 'theme_id', '2', '4', 'b0d281ca-c8c8-4d6a-89fc-c9cf3afadaf2', 'Field "theme_id" updated from "2" to "4"', '2025-09-24 23:02:11.557395+00'),
('be8822fb-f343-4415-af5b-ce98519563e8', 'event', 'd7b0519e-f1b0-4281-9485-ffa9cbd991da', 'updated', 'theme_id', '4', '9', 'b0d281ca-c8c8-4d6a-89fc-c9cf3afadaf2', 'Field "theme_id" updated from "4" to "9"', '2025-09-24 23:02:16.400298+00'),
('99725389-d6a9-4d2e-bdf1-8e8d26c91226', 'event', 'd7b0519e-f1b0-4281-9485-ffa9cbd991da', 'updated', 'theme_id', '9', '6', 'b0d281ca-c8c8-4d6a-89fc-c9cf3afadaf2', 'Field "theme_id" updated from "9" to "6"', '2025-09-24 23:02:18.775591+00'),
('4cac9f3c-2446-4d2d-9f38-27435fe30f03', 'event', 'c0541534-5a1e-4fe6-9e86-d792f8a7289a', 'updated', 'type_id', '24', NULL, 'b0d281ca-c8c8-4d6a-89fc-c9cf3afadaf2', 'Field "type_id" updated from "24" to "empty"', '2025-09-24 23:02:22.081913+00'),
('261eb439-bd80-4fde-91e1-9a69f3f62168', 'event', 'c0541534-5a1e-4fe6-9e86-d792f8a7289a', 'updated', 'theme_id', '10', '6', 'b0d281ca-c8c8-4d6a-89fc-c9cf3afadaf2', 'Field "theme_id" updated from "10" to "6"', '2025-09-24 23:02:22.096092+00'),
('63aeeb3d-980f-446b-a14b-0798c8f9c761', 'event', 'c0541534-5a1e-4fe6-9e86-d792f8a7289a', 'updated', 'theme_id', '10', '1', 'b0d281ca-c8c8-4d6a-89fc-c9cf3afadaf2', 'Field "theme_id" updated from "10" to "1"', '2025-09-24 23:02:24.667873+00'),
('3e7ad792-c23c-48d0-bf61-c710c9eef1ce', 'event', '21da94b0-7241-459c-a4b7-0f0f7228472a', 'updated', 'type_id', NULL, '35', 'b0d281ca-c8c8-4d6a-89fc-c9cf3afadaf2', 'Field "type_id" updated from "empty" to "35"', '2025-09-24 23:03:58.87132+00'),
('824b1c34-385a-48ff-9490-386d15cb037a', 'event', '21da94b0-7241-459c-a4b7-0f0f7228472a', 'updated', 'type_id', NULL, '18', 'b0d281ca-c8c8-4d6a-89fc-c9cf3afadaf2', 'Field "type_id" updated from "empty" to "18"', '2025-09-24 23:04:06.358509+00'),
('b9954d71-7091-4c2b-82fb-b2b4edbfad64', 'event', '21da94b0-7241-459c-a4b7-0f0f7228472a', 'updated', 'type_id', '18', '17', 'b0d281ca-c8c8-4d6a-89fc-c9cf3afadaf2', 'Field "type_id" updated from "18" to "17"', '2025-09-24 23:04:10.372013+00'),
('f3704c17-d181-4fb4-ae97-b42dd293301b', 'event', '21da94b0-7241-459c-a4b7-0f0f7228472a', 'updated', 'type_id', NULL, '30', 'b0d281ca-c8c8-4d6a-89fc-c9cf3afadaf2', 'Field "type_id" updated from "empty" to "30"', '2025-09-24 23:04:36.639982+00'),
('a9a87ced-0526-47a0-831b-2746d92dec23', 'event', '21da94b0-7241-459c-a4b7-0f0f7228472a', 'updated', 'type_id', '30', '32', 'b0d281ca-c8c8-4d6a-89fc-c9cf3afadaf2', 'Field "type_id" updated from "30" to "32"', '2025-09-24 23:04:40.955713+00'),
('ccdaadc3-2c4d-444a-8ceb-70165d9693f3', 'event', '21da94b0-7241-459c-a4b7-0f0f7228472a', 'updated', 'type_id', '30', '32', 'b0d281ca-c8c8-4d6a-89fc-c9cf3afadaf2', 'Field "type_id" updated from "30" to "32"', '2025-09-24 23:04:44.096846+00'),
('9f9a658c-63f0-44ad-bf65-156be37bdab3', 'event', '21da94b0-7241-459c-a4b7-0f0f7228472a', 'updated', 'type_id', NULL, '17', 'b0d281ca-c8c8-4d6a-89fc-c9cf3afadaf2', 'Field "type_id" updated from "empty" to "17"', '2025-09-24 23:04:49.586626+00'),
('583dfb92-1888-4cc2-bfbd-95475c2dea0d', 'event', '21da94b0-7241-459c-a4b7-0f0f7228472a', 'updated', 'type_id', NULL, '34', 'b0d281ca-c8c8-4d6a-89fc-c9cf3afadaf2', 'Field "type_id" updated from "empty" to "34"', '2025-09-24 23:05:28.816704+00'),
('1559c9c9-8f16-4c5b-a18d-d4c28cfc006c', 'event', '21da94b0-7241-459c-a4b7-0f0f7228472a', 'updated', 'type_id', '34', '35', 'b0d281ca-c8c8-4d6a-89fc-c9cf3afadaf2', 'Field "type_id" updated from "34" to "35"', '2025-09-24 23:05:39.397764+00'),
('19057923-c187-4445-84d1-1f4dae405bc0', 'event', '21da94b0-7241-459c-a4b7-0f0f7228472a', 'updated', 'type_id', '35', '34', 'b0d281ca-c8c8-4d6a-89fc-c9cf3afadaf2', 'Field "type_id" updated from "35" to "34"', '2025-09-24 23:05:49.69059+00'),
('03f6dd11-35cb-472f-9c83-f60c4e3d53cb', 'event', '21da94b0-7241-459c-a4b7-0f0f7228472a', 'updated', 'type_id', NULL, '12', 'b0d281ca-c8c8-4d6a-89fc-c9cf3afadaf2', 'Field "type_id" updated from "empty" to "12"', '2025-09-24 23:06:54.949661+00'),
('c01f8625-527e-47ba-a352-77358f503c0c', 'event', '21da94b0-7241-459c-a4b7-0f0f7228472a', 'updated', 'type_id', NULL, '34', 'b0d281ca-c8c8-4d6a-89fc-c9cf3afadaf2', 'Field "type_id" updated from "empty" to "34"', '2025-09-24 23:08:50.990001+00'),
('049d1178-fc88-4534-90d9-174791a586a6', 'event', '21da94b0-7241-459c-a4b7-0f0f7228472a', 'updated', 'type_id', NULL, '26', 'b0d281ca-c8c8-4d6a-89fc-c9cf3afadaf2', 'Field "type_id" updated from "empty" to "26"', '2025-09-24 23:09:14.925225+00'),
('57dc863d-5f2b-43ec-84ba-74963b4ef9a6', 'event', '21da94b0-7241-459c-a4b7-0f0f7228472a', 'updated', 'type_id', '26', '24', 'b0d281ca-c8c8-4d6a-89fc-c9cf3afadaf2', 'Field "type_id" updated from "26" to "24"', '2025-09-24 23:09:26.907829+00'),
('11689d5b-aff5-4560-b851-74fb655cf0af', 'event', '21da94b0-7241-459c-a4b7-0f0f7228472a', 'updated', 'type_id', '24', '21', 'b0d281ca-c8c8-4d6a-89fc-c9cf3afadaf2', 'Field "type_id" updated from "24" to "21"', '2025-09-24 23:09:34.374262+00'),
('a6e2e4bb-edb0-49a1-b54f-fca6169b62f8', 'event', '21da94b0-7241-459c-a4b7-0f0f7228472a', 'updated', 'type_id', NULL, '30', 'b0d281ca-c8c8-4d6a-89fc-c9cf3afadaf2', 'Field "type_id" updated from "empty" to "30"', '2025-09-24 23:09:44.892035+00'),
('f593c932-d2ff-400f-8369-2be03099e15a', 'event', '21da94b0-7241-459c-a4b7-0f0f7228472a', 'updated', 'type_id', NULL, '19', 'b0d281ca-c8c8-4d6a-89fc-c9cf3afadaf2', 'Field "type_id" updated from "empty" to "19"', '2025-09-24 23:10:12.430947+00'),
('ca6c80be-406b-49b4-aac4-76632d3dcdb7', 'event', '21da94b0-7241-459c-a4b7-0f0f7228472a', 'updated', 'type_id', NULL, '13', 'b0d281ca-c8c8-4d6a-89fc-c9cf3afadaf2', 'Field "type_id" updated from "empty" to "13"', '2025-09-24 23:10:20.214757+00'),
('89928ef8-bcd1-41d7-860b-70cd37ce454e', 'event', '21da94b0-7241-459c-a4b7-0f0f7228472a', 'updated', 'type_id', NULL, '34', 'b0d281ca-c8c8-4d6a-89fc-c9cf3afadaf2', 'Field "type_id" updated from "empty" to "34"', '2025-09-24 23:14:44.549005+00'),
('8e39f72d-70ea-4f18-a3fa-c7d1702f987a', 'event', '21da94b0-7241-459c-a4b7-0f0f7228472a', 'updated', 'title', 'Wedding', NULL, 'b0d281ca-c8c8-4d6a-89fc-c9cf3afadaf2', 'Field "title" updated from "Wedding" to "empty"', '2025-09-24 23:15:06.864054+00'),
('67e41b40-f63d-4f03-92c4-c44a8ff9ece1', 'event', '21da94b0-7241-459c-a4b7-0f0f7228472a', 'updated', 'title', NULL, 'W', 'b0d281ca-c8c8-4d6a-89fc-c9cf3afadaf2', 'Field "title" updated from "empty" to "W"', '2025-09-24 23:15:29.103833+00'),
('dc6baf7c-8552-4fa4-8d30-074ca7ca1c1e', 'event', '21da94b0-7241-459c-a4b7-0f0f7228472a', 'updated', 'title', 'W', 'We', 'b0d281ca-c8c8-4d6a-89fc-c9cf3afadaf2', 'Field "title" updated from "W" to "We"', '2025-09-24 23:15:29.296601+00'),
('315f59e1-b5b2-401a-b8b2-9e2323caf314', 'event', '21da94b0-7241-459c-a4b7-0f0f7228472a', 'updated', 'title', 'We', 'Wed', 'b0d281ca-c8c8-4d6a-89fc-c9cf3afadaf2', 'Field "title" updated from "We" to "Wed"', '2025-09-24 23:15:29.495918+00'),
('863f37ab-2c5d-4c36-b6ae-a63e8087b1f0', 'event', '21da94b0-7241-459c-a4b7-0f0f7228472a', 'updated', 'title', 'Wed', 'Wedd', 'b0d281ca-c8c8-4d6a-89fc-c9cf3afadaf2', 'Field "title" updated from "Wed" to "Wedd"', '2025-09-24 23:15:29.641256+00'),
('2a5f250b-9958-48e3-bd10-11897378e126', 'event', '21da94b0-7241-459c-a4b7-0f0f7228472a', 'updated', 'title', 'Wedd', 'Weddi', 'b0d281ca-c8c8-4d6a-89fc-c9cf3afadaf2', 'Field "title" updated from "Wedd" to "Weddi"', '2025-09-24 23:15:29.760662+00'),
('e5f5a4ad-a426-4549-b132-14130a536a35', 'event', '21da94b0-7241-459c-a4b7-0f0f7228472a', 'updated', 'title', 'Weddi', 'Weddin', 'b0d281ca-c8c8-4d6a-89fc-c9cf3afadaf2', 'Field "title" updated from "Weddi" to "Weddin"', '2025-09-24 23:15:29.811476+00'),
('52943939-4b7d-41d9-878d-ace6c8ba9330', 'event', '21da94b0-7241-459c-a4b7-0f0f7228472a', 'updated', 'title', 'Weddin', 'Wedding', 'b0d281ca-c8c8-4d6a-89fc-c9cf3afadaf2', 'Field "title" updated from "Weddin" to "Wedding"', '2025-09-24 23:15:29.855733+00');

INSERT INTO "public".change_logs (id, entity_type, entity_id, action, field_name, old_value, new_value, changed_by, change_description, created_at) VALUES
('508e14b9-a92e-4b21-8cb8-0e8f618316dc', 'event', '21da94b0-7241-459c-a4b7-0f0f7228472a', 'updated', 'type_id', NULL, '19', 'b0d281ca-c8c8-4d6a-89fc-c9cf3afadaf2', 'Field "type_id" updated from "empty" to "19"', '2025-09-24 23:15:47.975144+00'),
('630405ab-4bcf-4fc1-be5a-21d8d7ca42e0', 'event', 'd7b0519e-f1b0-4281-9485-ffa9cbd991da', 'updated', 'type_id', NULL, '12', 'b0d281ca-c8c8-4d6a-89fc-c9cf3afadaf2', 'Field "type_id" updated from "empty" to "12"', '2025-09-24 23:15:54.399807+00'),
('a96719db-31c3-428a-8d94-f82ca2375948', 'event', 'c0541534-5a1e-4fe6-9e86-d792f8a7289a', 'updated', 'type_id', NULL, '17', 'b0d281ca-c8c8-4d6a-89fc-c9cf3afadaf2', 'Field "type_id" updated from "empty" to "17"', '2025-09-24 23:15:58.343501+00'),
('34a63c75-5bb1-4e67-a265-9b0b2915ce69', 'event', '21da94b0-7241-459c-a4b7-0f0f7228472a', 'updated', 'title', 'Weddin', 'Wedding', 'b0d281ca-c8c8-4d6a-89fc-c9cf3afadaf2', 'Field "title" updated from "Weddin" to "Wedding"', '2025-09-24 23:16:01.942669+00'),
('8ba8d38a-4bb4-41ce-bbba-3c38a2bcb601', 'event', '21da94b0-7241-459c-a4b7-0f0f7228472a', 'updated', 'end_date', NULL, '2025-09-07', 'b0d281ca-c8c8-4d6a-89fc-c9cf3afadaf2', 'Field "end_date" updated from "empty" to "2025-09-07"', '2025-09-24 23:16:09.391454+00'),
('92f90f4d-a31d-4ab9-a874-bb999f0a8dc2', 'event', '21da94b0-7241-459c-a4b7-0f0f7228472a', 'updated', 'title', 'Wedding', NULL, 'b0d281ca-c8c8-4d6a-89fc-c9cf3afadaf2', 'Field "title" updated from "Wedding" to "empty"', '2025-09-24 23:16:14.8382+00'),
('0a44f2d2-b7f2-448b-bbdf-db99908ec667', 'event', '21da94b0-7241-459c-a4b7-0f0f7228472a', 'updated', 'title', NULL, 'W', 'b0d281ca-c8c8-4d6a-89fc-c9cf3afadaf2', 'Field "title" updated from "empty" to "W"', '2025-09-24 23:16:19.298675+00'),
('20f6561b-cb9c-4b9f-8934-5c9114338466', 'event', '21da94b0-7241-459c-a4b7-0f0f7228472a', 'updated', 'title', 'W', 'We', 'b0d281ca-c8c8-4d6a-89fc-c9cf3afadaf2', 'Field "title" updated from "W" to "We"', '2025-09-24 23:16:19.585706+00'),
('ab32c835-b0c9-4c9e-8e91-8db21e21c6c9', 'event', '21da94b0-7241-459c-a4b7-0f0f7228472a', 'updated', 'title', 'We', 'Wed', 'b0d281ca-c8c8-4d6a-89fc-c9cf3afadaf2', 'Field "title" updated from "We" to "Wed"', '2025-09-24 23:16:19.805035+00'),
('d529f49f-e7d8-46dd-8b9d-2ca6c2bc76b6', 'event', '21da94b0-7241-459c-a4b7-0f0f7228472a', 'updated', 'title', 'Wed', 'Wedd', 'b0d281ca-c8c8-4d6a-89fc-c9cf3afadaf2', 'Field "title" updated from "Wed" to "Wedd"', '2025-09-24 23:16:19.97476+00'),
('b90b0612-e9ca-4f66-b50f-3c1e07a4061b', 'event', '21da94b0-7241-459c-a4b7-0f0f7228472a', 'updated', 'title', 'Wedd', 'Weddi', 'b0d281ca-c8c8-4d6a-89fc-c9cf3afadaf2', 'Field "title" updated from "Wedd" to "Weddi"', '2025-09-24 23:16:20.065729+00'),
('00b98480-f503-4d00-a659-992273732a77', 'event', '21da94b0-7241-459c-a4b7-0f0f7228472a', 'updated', 'title', 'Weddi', 'Weddin', 'b0d281ca-c8c8-4d6a-89fc-c9cf3afadaf2', 'Field "title" updated from "Weddi" to "Weddin"', '2025-09-24 23:16:20.187585+00'),
('ad294908-2ff3-4b82-8ba0-48a350aeb929', 'event', '21da94b0-7241-459c-a4b7-0f0f7228472a', 'updated', 'title', 'Weddin', 'Wedding', 'b0d281ca-c8c8-4d6a-89fc-c9cf3afadaf2', 'Field "title" updated from "Weddin" to "Wedding"', '2025-09-24 23:16:20.23267+00'),
('244c6170-b832-4810-b7ac-f2654d22c118', 'event', '21da94b0-7241-459c-a4b7-0f0f7228472a', 'updated', 'end_date', '2025-09-07', '2025-09-01', 'b0d281ca-c8c8-4d6a-89fc-c9cf3afadaf2', 'Field "end_date" updated from "2025-09-07" to "2025-09-01"', '2025-09-24 23:16:25.494933+00'),
('f96e78b6-8e6a-4d2b-8e93-20c70ff61f75', 'event', '21da94b0-7241-459c-a4b7-0f0f7228472a', 'updated', 'start_date', '2025-10-22', '2025-09-22', 'b0d281ca-c8c8-4d6a-89fc-c9cf3afadaf2', 'Field "start_date" updated from "2025-10-22" to "2025-09-22"', '2025-09-24 23:16:29.00739+00'),
('ebe95c72-d301-4a9a-83e9-af6ffff3d019', 'event', '21da94b0-7241-459c-a4b7-0f0f7228472a', 'updated', 'start_date', '2025-09-22', '2025-08-22', 'b0d281ca-c8c8-4d6a-89fc-c9cf3afadaf2', 'Field "start_date" updated from "2025-09-22" to "2025-08-22"', '2025-09-24 23:16:29.202936+00'),
('a4485a10-00d1-4586-b687-34e620c6c5ad', 'event', '21da94b0-7241-459c-a4b7-0f0f7228472a', 'updated', 'start_date', '2025-08-22', '2025-07-22', 'b0d281ca-c8c8-4d6a-89fc-c9cf3afadaf2', 'Field "start_date" updated from "2025-08-22" to "2025-07-22"', '2025-09-24 23:16:29.367399+00'),
('23e6c19e-ff66-4f22-8556-d9fbd898229a', 'event', '21da94b0-7241-459c-a4b7-0f0f7228472a', 'updated', 'start_date', '2025-07-22', '2025-07-08', 'b0d281ca-c8c8-4d6a-89fc-c9cf3afadaf2', 'Field "start_date" updated from "2025-07-22" to "2025-07-08"', '2025-09-24 23:16:30.014742+00'),
('207e5363-9595-4330-bd2c-d944291ba495', 'event', '21da94b0-7241-459c-a4b7-0f0f7228472a', 'updated', 'type_id', NULL, '11', 'b0d281ca-c8c8-4d6a-89fc-c9cf3afadaf2', 'Field "type_id" updated from "empty" to "11"', '2025-09-24 23:16:39.540389+00'),
('9ce7e294-7390-43fb-8ba8-0906d472a686', 'event', '48ae39f9-156b-43ad-a914-71c777eb42a5', 'updated', 'type_id', NULL, '19', 'b0d281ca-c8c8-4d6a-89fc-c9cf3afadaf2', 'Field "type_id" updated from "empty" to "19"', '2025-09-24 23:16:48.679064+00'),
('74e36394-0b8c-4992-964c-f2fa48ddfcf6', 'event', 'd7b0519e-f1b0-4281-9485-ffa9cbd991da', 'updated', 'type_id', NULL, '19', 'b0d281ca-c8c8-4d6a-89fc-c9cf3afadaf2', 'Field "type_id" updated from "empty" to "19"', '2025-09-24 23:17:00.74088+00'),
('86f1944a-7045-46f7-b729-505501960a57', 'event', '21da94b0-7241-459c-a4b7-0f0f7228472a', 'updated', 'status', 'completed', 'in_progress', 'b0d281ca-c8c8-4d6a-89fc-c9cf3afadaf2', 'Field "status" updated from "completed" to "in_progress"', '2025-09-24 23:19:06.845419+00'),
('5e1a4614-6b14-44a3-b5c8-593d9486571c', 'event', '21da94b0-7241-459c-a4b7-0f0f7228472a', 'updated', 'start_date', '2025-07-08', '2025-08-08', 'b0d281ca-c8c8-4d6a-89fc-c9cf3afadaf2', 'Field "start_date" updated from "2025-07-08" to "2025-08-08"', '2025-09-24 23:19:12.164925+00'),
('e6474423-bbfa-434e-8266-ef5dad53cf83', 'event', '21da94b0-7241-459c-a4b7-0f0f7228472a', 'updated', 'start_date', '2025-08-08', '2025-09-08', 'b0d281ca-c8c8-4d6a-89fc-c9cf3afadaf2', 'Field "start_date" updated from "2025-08-08" to "2025-09-08"', '2025-09-24 23:19:12.904288+00'),
('948e805a-199e-49a0-bcb2-8bae10eab4e4', 'event', '21da94b0-7241-459c-a4b7-0f0f7228472a', 'updated', 'start_date', '2025-09-08', '2025-09-01', 'b0d281ca-c8c8-4d6a-89fc-c9cf3afadaf2', 'Field "start_date" updated from "2025-09-08" to "2025-09-01"', '2025-09-24 23:19:14.479858+00'),
('737f249a-aad3-42ab-8aff-07b75f868aa1', 'event', '21da94b0-7241-459c-a4b7-0f0f7228472a', 'updated', 'start_date', '2025-09-01', '2025-09-25', 'b0d281ca-c8c8-4d6a-89fc-c9cf3afadaf2', 'Field "start_date" updated from "2025-09-01" to "2025-09-25"', '2025-09-24 23:28:39.272506+00'),
('f1ac4fed-a7af-4b22-b9cc-e2b2b2e21f27', 'event', '21da94b0-7241-459c-a4b7-0f0f7228472a', 'updated', 'end_date', '2025-09-01', '2025-09-26', 'b0d281ca-c8c8-4d6a-89fc-c9cf3afadaf2', 'Field "end_date" updated from "2025-09-01" to "2025-09-26"', '2025-09-24 23:28:41.905921+00'),
('31b94836-261b-4baa-ac11-4222fa4e99fa', 'event', '21da94b0-7241-459c-a4b7-0f0f7228472a', 'updated', 'type_id', NULL, '32', 'b0d281ca-c8c8-4d6a-89fc-c9cf3afadaf2', 'Field "type_id" updated from "empty" to "32"', '2025-09-25 00:46:00.436818+00'),
('0f64c5f5-17ed-4483-bfb8-5fbea4b87d73', 'event', '21da94b0-7241-459c-a4b7-0f0f7228472a', 'updated', 'type_id', NULL, '34', 'b0d281ca-c8c8-4d6a-89fc-c9cf3afadaf2', 'Field "type_id" updated from "empty" to "34"', '2025-09-25 00:46:22.712682+00'),
('b8115834-8c2c-4c3b-9535-782ab5a67fee', 'event', '48ae39f9-156b-43ad-a914-71c777eb42a5', 'updated', 'theme_id', '9', '4', 'b0d281ca-c8c8-4d6a-89fc-c9cf3afadaf2', 'Field "theme_id" updated from "9" to "4"', '2025-09-25 00:51:31.061038+00'),
('1c1b015c-3d1a-4cc2-b70d-98c0fb1c229e', 'event', '48ae39f9-156b-43ad-a914-71c777eb42a5', 'updated', 'type_id', '19', NULL, 'b0d281ca-c8c8-4d6a-89fc-c9cf3afadaf2', 'Field "type_id" updated from "19" to "empty"', '2025-09-25 00:51:31.060586+00'),
('0413a529-3e85-4747-9522-d4326fccdbe9', 'event', '48ae39f9-156b-43ad-a914-71c777eb42a5', 'updated', 'theme_id', '9', '11', 'b0d281ca-c8c8-4d6a-89fc-c9cf3afadaf2', 'Field "theme_id" updated from "9" to "11"', '2025-09-25 00:51:45.253201+00'),
('094a8a0d-c985-463e-9af6-aad793256769', 'event', '48ae39f9-156b-43ad-a914-71c777eb42a5', 'updated', 'type_id', NULL, '24', 'b0d281ca-c8c8-4d6a-89fc-c9cf3afadaf2', 'Field "type_id" updated from "empty" to "24"', '2025-09-25 00:52:13.078535+00'),
('baf69d1e-58c5-4d0e-aa5a-474e591a474e', 'event', 'd7b0519e-f1b0-4281-9485-ffa9cbd991da', 'updated', 'type_id', NULL, '12', 'b0d281ca-c8c8-4d6a-89fc-c9cf3afadaf2', 'Field "type_id" updated from "empty" to "12"', '2025-09-25 00:52:25.912369+00'),
('7071b704-b6b9-44da-ae92-2a2acff6f6fb', 'event', 'c0541534-5a1e-4fe6-9e86-d792f8a7289a', 'updated', 'type_id', NULL, '22', 'b0d281ca-c8c8-4d6a-89fc-c9cf3afadaf2', 'Field "type_id" updated from "empty" to "22"', '2025-09-25 00:53:10.78136+00'),
('7bb93d15-b410-4388-bcfe-f28f0702d21b', 'event', 'c0541534-5a1e-4fe6-9e86-d792f8a7289a', 'updated', 'type_id', NULL, '9', 'b0d281ca-c8c8-4d6a-89fc-c9cf3afadaf2', 'Field "type_id" updated from "empty" to "9"', '2025-09-25 00:52:37.517827+00'),
('7e63f405-abc3-4964-bf67-a5c9cb7e8cc4', 'event', '48ae39f9-156b-43ad-a914-71c777eb42a5', 'updated', 'type_id', NULL, '13', 'b0d281ca-c8c8-4d6a-89fc-c9cf3afadaf2', 'Field "type_id" updated from "empty" to "13"', '2025-09-27 03:35:45.765606+00'),
('3b847f09-85b8-408c-acbf-05a08b6cd70e', 'event', '48ae39f9-156b-43ad-a914-71c777eb42a5', 'updated', 'status', 'completed', 'in_progress', 'b0d281ca-c8c8-4d6a-89fc-c9cf3afadaf2', 'Field "status" updated from "completed" to "in_progress"', '2025-09-27 19:06:16.144753+00'),
('8438df2d-7abf-432d-8d8c-dafdf038ce61', 'event', '48ae39f9-156b-43ad-a914-71c777eb42a5', 'updated', 'start_date', '2025-09-09', '2025-10-09', 'b0d281ca-c8c8-4d6a-89fc-c9cf3afadaf2', 'Field "start_date" updated from "2025-09-09" to "2025-10-09"', '2025-09-27 19:06:20.400079+00'),
('db1d7e1c-20e6-42ab-ae8c-9462cfa90808', 'event', '48ae39f9-156b-43ad-a914-71c777eb42a5', 'updated', 'start_date', '2025-10-09', '2025-10-21', 'b0d281ca-c8c8-4d6a-89fc-c9cf3afadaf2', 'Field "start_date" updated from "2025-10-09" to "2025-10-21"', '2025-09-27 19:06:21.721182+00'),
('27dc9d25-cb3f-445d-a915-32c2e35737a6', 'event', '48ae39f9-156b-43ad-a914-71c777eb42a5', 'updated', 'end_date', '2025-09-26', '2025-10-26', 'b0d281ca-c8c8-4d6a-89fc-c9cf3afadaf2', 'Field "end_date" updated from "2025-09-26" to "2025-10-26"', '2025-09-27 19:06:26.957017+00'),
('43db41f9-80ae-4934-b7ac-40ff9db72a35', 'event', '48ae39f9-156b-43ad-a914-71c777eb42a5', 'updated', 'end_date', '2025-10-26', '2025-10-21', 'b0d281ca-c8c8-4d6a-89fc-c9cf3afadaf2', 'Field "end_date" updated from "2025-10-26" to "2025-10-21"', '2025-09-27 19:06:28.993363+00'),
('847ee210-ff00-41a4-add2-2c665491846a', 'event', 'd7b0519e-f1b0-4281-9485-ffa9cbd991da', 'updated', 'type_id', '12', '13', 'b0d281ca-c8c8-4d6a-89fc-c9cf3afadaf2', 'Field "type_id" updated from "12" to "13"', '2025-09-27 19:19:36.872633+00'),
('2139ec4c-b3e1-4c72-b373-949f0f4f8c99', 'event', 'd7b0519e-f1b0-4281-9485-ffa9cbd991da', 'updated', 'type_id', NULL, '19', 'b0d281ca-c8c8-4d6a-89fc-c9cf3afadaf2', 'Field "type_id" updated from "empty" to "19"', '2025-09-27 19:19:45.534691+00'),
('0b364fc4-a4b1-4566-a5a9-cf56da71dd65', 'event', 'd7b0519e-f1b0-4281-9485-ffa9cbd991da', 'updated', 'title', 'Event with tags', 'Event with tag', 'b0d281ca-c8c8-4d6a-89fc-c9cf3afadaf2', 'Field "title" updated from "Event with tags" to "Event with tag"', '2025-09-27 19:19:49.868434+00'),
('bbc29d52-e235-45e3-ac01-8ee6f1c2535f', 'event', '303b4553-a3c6-43e2-bac1-1f77ecee1ba4', 'updated', 'start_date', '2025-10-11', NULL, '8ca9f4e0-8dc0-42b3-85ba-ee879ad1ed4f', 'Field "start_date" updated from "2025-10-11" to "empty"', '2025-09-30 20:30:02.271823+00'),
('457eef3e-5ace-4c7a-bd2c-4bf5efbb3bbc', 'event', '303b4553-a3c6-43e2-bac1-1f77ecee1ba4', 'updated', 'start_date', NULL, '2025-10-01', '8ca9f4e0-8dc0-42b3-85ba-ee879ad1ed4f', 'Field "start_date" updated from "empty" to "2025-10-01"', '2025-09-30 20:30:15.713458+00'),
('1040e3f4-e75b-4a1c-a1cc-62b479b1c4b8', 'event', '303b4553-a3c6-43e2-bac1-1f77ecee1ba4', 'updated', 'start_date', '2025-10-01', '2025-10-10', '8ca9f4e0-8dc0-42b3-85ba-ee879ad1ed4f', 'Field "start_date" updated from "2025-10-01" to "2025-10-10"', '2025-09-30 20:30:18.729808+00'),
('8fcfd499-1900-4688-9142-97dea7ae5580', 'event', '303b4553-a3c6-43e2-bac1-1f77ecee1ba4', 'updated', 'end_date', NULL, '0002-10-12', '8ca9f4e0-8dc0-42b3-85ba-ee879ad1ed4f', 'Field "end_date" updated from "empty" to "0002-10-12"', '2025-09-30 20:30:42.960971+00'),
('e1b0b4e4-7a0d-4eb8-b9ae-ff9ab1a5be67', 'event', '303b4553-a3c6-43e2-bac1-1f77ecee1ba4', 'updated', 'end_date', '0002-10-12', '0020-10-12', '8ca9f4e0-8dc0-42b3-85ba-ee879ad1ed4f', 'Field "end_date" updated from "0002-10-12" to "0020-10-12"', '2025-09-30 20:30:43.121512+00'),
('e8469a8b-bc1b-4038-97fb-c5bcbc1e4fdc', 'event', '303b4553-a3c6-43e2-bac1-1f77ecee1ba4', 'updated', 'end_date', '0020-10-12', '0202-10-12', '8ca9f4e0-8dc0-42b3-85ba-ee879ad1ed4f', 'Field "end_date" updated from "0020-10-12" to "0202-10-12"', '2025-09-30 20:30:52.534984+00'),
('07fc24b3-d67e-4c4f-996d-1efcb09c8533', 'event', '303b4553-a3c6-43e2-bac1-1f77ecee1ba4', 'updated', 'end_date', '0202-10-12', '2025-10-12', '8ca9f4e0-8dc0-42b3-85ba-ee879ad1ed4f', 'Field "end_date" updated from "0202-10-12" to "2025-10-12"', '2025-09-30 20:30:55.301323+00'),
('03113cf7-256c-47d6-9e27-272e7f763a16', 'event', '303b4553-a3c6-43e2-bac1-1f77ecee1ba4', 'updated', 'start_time', NULL, '12:00', '8ca9f4e0-8dc0-42b3-85ba-ee879ad1ed4f', 'Field "start_time" updated from "empty" to "12:00"', '2025-09-30 20:32:07.821811+00'),
('d38fe4a3-2cda-41cd-a3b8-e46582f5157d', 'event', '303b4553-a3c6-43e2-bac1-1f77ecee1ba4', 'updated', 'end_time', NULL, '12:00', '8ca9f4e0-8dc0-42b3-85ba-ee879ad1ed4f', 'Field "end_time" updated from "empty" to "12:00"', '2025-09-30 20:32:31.06872+00'),
('fc7f0a44-c4c5-4d2f-b119-337c1d73cc79', 'event', '303b4553-a3c6-43e2-bac1-1f77ecee1ba4', 'updated', 'budget', NULL, '-1', '8ca9f4e0-8dc0-42b3-85ba-ee879ad1ed4f', 'Field "budget" updated from "empty" to "-1"', '2025-09-30 20:33:43.219122+00'),
('b894821e-ee1b-4ead-aa61-d3a638cafc39', 'event', '303b4553-a3c6-43e2-bac1-1f77ecee1ba4', 'updated', 'budget', '-1', '0', '8ca9f4e0-8dc0-42b3-85ba-ee879ad1ed4f', 'Field "budget" updated from "-1" to "empty"', '2025-09-30 20:33:45.958379+00'),
('3bda3e7a-16b0-4ce6-9621-d52be9d7b1ac', 'event', '303b4553-a3c6-43e2-bac1-1f77ecee1ba4', 'updated', 'budget', '0', '-1', '8ca9f4e0-8dc0-42b3-85ba-ee879ad1ed4f', 'Field "budget" updated from "empty" to "-1"', '2025-09-30 20:33:49.854279+00'),
('7dab1217-549b-46a1-95a2-12fa6c3f1605', 'event', '303b4553-a3c6-43e2-bac1-1f77ecee1ba4', 'updated', 'budget', '-1', '-2', '8ca9f4e0-8dc0-42b3-85ba-ee879ad1ed4f', 'Field "budget" updated from "-1" to "-2"', '2025-09-30 20:33:50.10367+00'),
('3b864eb5-9752-4af3-98cd-dc736ee05e78', 'event', '303b4553-a3c6-43e2-bac1-1f77ecee1ba4', 'updated', 'budget', '-2', '-3', '8ca9f4e0-8dc0-42b3-85ba-ee879ad1ed4f', 'Field "budget" updated from "-2" to "-3"', '2025-09-30 20:33:50.142991+00'),
('8945c7f9-d1cc-4b47-8250-c48cd3fdd37c', 'event', '303b4553-a3c6-43e2-bac1-1f77ecee1ba4', 'updated', 'budget', '-3', '-2', '8ca9f4e0-8dc0-42b3-85ba-ee879ad1ed4f', 'Field "budget" updated from "-3" to "-2"', '2025-09-30 20:33:53.236213+00'),
('6f96db09-a40c-4c5b-9d78-aa0ca904c657', 'event', '303b4553-a3c6-43e2-bac1-1f77ecee1ba4', 'updated', 'budget', '-2', '-1', '8ca9f4e0-8dc0-42b3-85ba-ee879ad1ed4f', 'Field "budget" updated from "-2" to "-1"', '2025-09-30 20:33:53.483501+00'),
('61b6e1f2-45df-4c39-9c5f-0a798cfe1657', 'event', '303b4553-a3c6-43e2-bac1-1f77ecee1ba4', 'updated', 'budget', '-1', '0', '8ca9f4e0-8dc0-42b3-85ba-ee879ad1ed4f', 'Field "budget" updated from "-1" to "empty"', '2025-09-30 20:33:53.537511+00'),
('1a368d9b-d8d0-4709-be23-512a3cfe95c7', 'event', '303b4553-a3c6-43e2-bac1-1f77ecee1ba4', 'updated', 'budget', '0', '5', '8ca9f4e0-8dc0-42b3-85ba-ee879ad1ed4f', 'Field "budget" updated from "empty" to "5"', '2025-09-30 20:34:03.124287+00'),
('17bbeef8-a395-4f85-80d9-32cdad4ab6e2', 'event', '303b4553-a3c6-43e2-bac1-1f77ecee1ba4', 'updated', 'budget', '5', '50', '8ca9f4e0-8dc0-42b3-85ba-ee879ad1ed4f', 'Field "budget" updated from "5" to "50"', '2025-09-30 20:34:09.745548+00'),
('afe3a2e4-3bc1-4633-9222-a356ad8f3181', 'event', '303b4553-a3c6-43e2-bac1-1f77ecee1ba4', 'updated', 'budget', '50', '500', '8ca9f4e0-8dc0-42b3-85ba-ee879ad1ed4f', 'Field "budget" updated from "50" to "500"', '2025-09-30 20:34:10.101434+00'),
('edbad69a-f734-4734-8129-4d83bc759744', 'event', '303b4553-a3c6-43e2-bac1-1f77ecee1ba4', 'updated', 'budget', '500', '5000', '8ca9f4e0-8dc0-42b3-85ba-ee879ad1ed4f', 'Field "budget" updated from "500" to "5000"', '2025-09-30 20:34:10.714024+00'),
('d02640f3-fc86-4f38-a399-dd669eb2f7d4', 'event', '783b27c1-1cd2-4aae-b83e-efdef3f41abe', 'updated', 'budget', '100', '101', '96d713dc-3e95-44e4-9618-4314b44b37cf', 'Field "budget" updated from "100" to "101"', '2025-10-01 18:30:33.849164+00'),
('0e276b18-a1b2-494d-b15b-f9d9a111a5bc', 'event', '783b27c1-1cd2-4aae-b83e-efdef3f41abe', 'updated', 'budget', '101', '10', '96d713dc-3e95-44e4-9618-4314b44b37cf', 'Field "budget" updated from "101" to "10"', '2025-10-01 18:30:35.921962+00'),
('a5f99011-cba5-4237-b4f8-04b05b7cd607', 'event', 'cf88a739-b147-4c29-b77b-d548f5b800e1', 'updated', 'budget', NULL, '5', '96d713dc-3e95-44e4-9618-4314b44b37cf', 'Field "budget" updated from "empty" to "5"', '2025-10-01 18:35:06.350102+00'),
('6daaddba-9cee-476a-b913-1c24203af63f', 'event', '16eed75f-e1f3-47d2-a386-8734ee261d36', 'updated', 'budget', '500.15', '500.1', '96d713dc-3e95-44e4-9618-4314b44b37cf', 'Field "budget" updated from "500.15" to "500.1"', '2025-10-01 18:35:28.297772+00'),
('bc1b8bd9-da69-4b44-b4ba-adcf15d72724', 'event', '16eed75f-e1f3-47d2-a386-8734ee261d36', 'updated', 'budget', '500.1', NULL, '96d713dc-3e95-44e4-9618-4314b44b37cf', 'Field "budget" updated from "500.1" to "empty"', '2025-10-01 18:37:31.239408+00'),
('81fff159-219b-4638-8d48-b4a57bcc65ba', 'event', '16eed75f-e1f3-47d2-a386-8734ee261d36', 'updated', 'budget', NULL, '5', '96d713dc-3e95-44e4-9618-4314b44b37cf', 'Field "budget" updated from "empty" to "5"', '2025-10-01 18:37:32.562181+00'),
('22a63a20-c4ef-4b0d-aeb9-b50eb1b492f9', 'event', '16eed75f-e1f3-47d2-a386-8734ee261d36', 'updated', 'budget', '5', NULL, '96d713dc-3e95-44e4-9618-4314b44b37cf', 'Field "budget" updated from "5" to "empty"', '2025-10-01 18:37:39.896268+00'),
('5d0f1e52-ca6b-48c3-a895-b0726b9bb510', 'event', '16eed75f-e1f3-47d2-a386-8734ee261d36', 'updated', 'budget', NULL, '3', '96d713dc-3e95-44e4-9618-4314b44b37cf', 'Field "budget" updated from "empty" to "3"', '2025-10-01 18:37:40.41998+00'),
('d1f88058-ef67-407a-b920-e207e3c740df', 'event', '16eed75f-e1f3-47d2-a386-8734ee261d36', 'updated', 'budget', '3', '3.03', '96d713dc-3e95-44e4-9618-4314b44b37cf', 'Field "budget" updated from "3" to "3.03"', '2025-10-01 18:37:43.168774+00'),
('12c517b6-2358-42c5-b5e1-a4310389cde9', 'event', '16eed75f-e1f3-47d2-a386-8734ee261d36', 'updated', 'budget', '3.03', '4', '96d713dc-3e95-44e4-9618-4314b44b37cf', 'Field "budget" updated from "3.03" to "4"', '2025-10-01 18:37:46.812925+00'),
('3e0ceaac-24ac-4cbd-b7e7-9a6533043cac', 'event', '783b27c1-1cd2-4aae-b83e-efdef3f41abe', 'updated', 'budget', '10.1', '10', '96d713dc-3e95-44e4-9618-4314b44b37cf', 'Field "budget" updated from "10.1" to "10"', '2025-10-01 18:38:14.176501+00'),
('e166e05b-d031-4959-aae8-e5a1e8ee0590', 'event', '783b27c1-1cd2-4aae-b83e-efdef3f41abe', 'updated', 'budget', '10', '10.1', '96d713dc-3e95-44e4-9618-4314b44b37cf', 'Field "budget" updated from "10" to "10.1"', '2025-10-01 18:38:19.758117+00'),
('29d9cd7e-56a6-4a2f-8bc8-2b0b77018e7e', 'event', '16eed75f-e1f3-47d2-a386-8734ee261d36', 'updated', 'budget', '4', '3.2', '96d713dc-3e95-44e4-9618-4314b44b37cf', 'Field "budget" updated from "4" to "3.2"', '2025-10-01 18:40:25.5673+00'),
('d125a54c-ec17-4043-9118-371af3739d7d', 'event', '783b27c1-1cd2-4aae-b83e-efdef3f41abe', 'updated', 'budget', '10.1', '5', '96d713dc-3e95-44e4-9618-4314b44b37cf', 'Field "budget" updated from "10.1" to "5"', '2025-10-01 18:40:30.29779+00'),
('88bba34c-ed48-4bce-93bb-1c750da9d30d', 'event', 'cf88a739-b147-4c29-b77b-d548f5b800e1', 'updated', 'budget', '5', '2', '96d713dc-3e95-44e4-9618-4314b44b37cf', 'Field "budget" updated from "5" to "2"', '2025-10-01 18:40:36.057639+00'),
('670c8578-b862-46bc-b74c-21fc574776d4', 'event', '16eed75f-e1f3-47d2-a386-8734ee261d36', 'updated', 'start_date', '2025-10-16', '2025-11-16', '96d713dc-3e95-44e4-9618-4314b44b37cf', 'Field "start_date" updated from "2025-10-16" to "2025-11-16"', '2025-10-01 21:38:16.803603+00'),
('af9b076f-009b-4ca1-a752-000e8571a4d5', 'event', '16eed75f-e1f3-47d2-a386-8734ee261d36', 'updated', 'start_date', '2025-11-16', '2025-12-16', '96d713dc-3e95-44e4-9618-4314b44b37cf', 'Field "start_date" updated from "2025-11-16" to "2025-12-16"', '2025-10-01 21:38:17.224958+00'),
('a49be468-aa03-44f8-b819-7475377f8615', 'event', '16eed75f-e1f3-47d2-a386-8734ee261d36', 'updated', 'start_date', '2025-12-16', '2026-01-16', '96d713dc-3e95-44e4-9618-4314b44b37cf', 'Field "start_date" updated from "2025-12-16" to "2026-01-16"', '2025-10-01 21:38:18.018851+00'),
('c0a8c220-f89d-4901-bf67-3675472e1272', 'event', '16eed75f-e1f3-47d2-a386-8734ee261d36', 'updated', 'start_date', '2026-01-16', '2026-01-14', '96d713dc-3e95-44e4-9618-4314b44b37cf', 'Field "start_date" updated from "2026-01-16" to "2026-01-14"', '2025-10-01 21:38:18.908337+00'),
('69c5a6b5-768a-40fd-bf2a-8a83f7e6d778', 'event', '783b27c1-1cd2-4aae-b83e-efdef3f41abe', 'updated', 'start_date', '2025-10-08', '2025-11-08', '96d713dc-3e95-44e4-9618-4314b44b37cf', 'Field "start_date" updated from "2025-10-08" to "2025-11-08"', '2025-10-01 21:40:21.284748+00'),
('820466c3-e2cb-4e90-96c4-59eae763238c', 'event', '783b27c1-1cd2-4aae-b83e-efdef3f41abe', 'updated', 'start_date', '2025-11-08', '2025-12-08', '96d713dc-3e95-44e4-9618-4314b44b37cf', 'Field "start_date" updated from "2025-11-08" to "2025-12-08"', '2025-10-01 21:40:21.735076+00'),
('9a6175a5-816e-47c7-835c-960f01f5b7e0', 'event', '16eed75f-e1f3-47d2-a386-8734ee261d36', 'updated', 'start_date', '2026-01-14', '2025-12-14', '96d713dc-3e95-44e4-9618-4314b44b37cf', 'Field "start_date" updated from "2026-01-14" to "2025-12-14"', '2025-10-01 21:40:39.630645+00'),
('85a7449d-97f5-485f-81f6-315216066774', 'event', '16eed75f-e1f3-47d2-a386-8734ee261d36', 'updated', 'start_date', '2025-12-14', '2025-12-09', '96d713dc-3e95-44e4-9618-4314b44b37cf', 'Field "start_date" updated from "2025-12-14" to "2025-12-09"', '2025-10-01 21:40:40.5361+00'),
('a71b032e-adc0-47d4-96bc-46000372a735', 'event', '16eed75f-e1f3-47d2-a386-8734ee261d36', 'updated', 'start_date', '2025-12-09', '2025-11-09', '96d713dc-3e95-44e4-9618-4314b44b37cf', 'Field "start_date" updated from "2025-12-09" to "2025-11-09"', '2025-10-01 21:40:44.22434+00'),
('abf91261-e2dd-41f2-8e57-ed61e07de44b', 'event', '16eed75f-e1f3-47d2-a386-8734ee261d36', 'updated', 'start_date', '2025-11-09', '2025-10-09', '96d713dc-3e95-44e4-9618-4314b44b37cf', 'Field "start_date" updated from "2025-11-09" to "2025-10-09"', '2025-10-01 21:40:44.680071+00'),
('541bd12c-4e83-4b38-aca9-3a1875db992f', 'event', '16eed75f-e1f3-47d2-a386-8734ee261d36', 'updated', 'start_date', '2025-10-09', '2025-11-09', '96d713dc-3e95-44e4-9618-4314b44b37cf', 'Field "start_date" updated from "2025-10-09" to "2025-11-09"', '2025-10-01 21:40:45.203749+00'),
('2881ada4-ac1b-46f9-b45b-379791f87566', 'event', '16eed75f-e1f3-47d2-a386-8734ee261d36', 'updated', 'start_date', '2025-11-09', '2025-11-19', '96d713dc-3e95-44e4-9618-4314b44b37cf', 'Field "start_date" updated from "2025-11-09" to "2025-11-19"', '2025-10-01 21:40:45.959224+00'),
('d148976e-eb63-49fe-bdba-10beef2c3787', 'event', '303b4553-a3c6-43e2-bac1-1f77ecee1ba4', 'updated', 'start_date', '2025-10-10', NULL, '8ca9f4e0-8dc0-42b3-85ba-ee879ad1ed4f', 'Field "start_date" updated from "2025-10-10" to "empty"', '2025-10-06 17:15:09.226586+00'),
('d56ee99e-1e38-4ed5-a3e7-bba09268424c', 'event', '303b4553-a3c6-43e2-bac1-1f77ecee1ba4', 'updated', 'start_date', NULL, '2025-10-01', '8ca9f4e0-8dc0-42b3-85ba-ee879ad1ed4f', 'Field "start_date" updated from "empty" to "2025-10-01"', '2025-10-06 17:15:13.091354+00'),
('ccd3e383-b75f-4ba9-ac30-bdc6c6b68176', 'event', '303b4553-a3c6-43e2-bac1-1f77ecee1ba4', 'updated', 'start_date', '2025-10-01', '2025-10-17', '8ca9f4e0-8dc0-42b3-85ba-ee879ad1ed4f', 'Field "start_date" updated from "2025-10-01" to "2025-10-17"', '2025-10-06 17:15:14.866418+00'),
('ce8ef614-bed7-43f6-8992-b78766b45560', 'event', '303b4553-a3c6-43e2-bac1-1f77ecee1ba4', 'updated', 'end_date', '2025-10-12', NULL, '8ca9f4e0-8dc0-42b3-85ba-ee879ad1ed4f', 'Field "end_date" updated from "2025-10-12" to "empty"', '2025-10-06 17:15:28.082357+00'),
('0989a574-99c4-4cc2-8ad2-d530ba1b3e15', 'event', '303b4553-a3c6-43e2-bac1-1f77ecee1ba4', 'updated', 'end_date', NULL, '2025-10-01', '8ca9f4e0-8dc0-42b3-85ba-ee879ad1ed4f', 'Field "end_date" updated from "empty" to "2025-10-01"', '2025-10-06 17:15:30.144794+00'),
('5c937211-0838-4e22-89d8-f39580e1334e', 'event', '303b4553-a3c6-43e2-bac1-1f77ecee1ba4', 'updated', 'end_date', '2025-10-01', '2025-10-19', '8ca9f4e0-8dc0-42b3-85ba-ee879ad1ed4f', 'Field "end_date" updated from "2025-10-01" to "2025-10-19"', '2025-10-06 17:15:31.424009+00'),
('88b44c8c-7721-4493-a830-6180ce105753', 'event', '303b4553-a3c6-43e2-bac1-1f77ecee1ba4', 'updated', 'location', NULL, 'M', '8ca9f4e0-8dc0-42b3-85ba-ee879ad1ed4f', 'Field "location" updated from "empty" to "M"', '2025-10-06 17:27:37.03262+00');

INSERT INTO "public".change_logs (id, entity_type, entity_id, action, field_name, old_value, new_value, changed_by, change_description, created_at) VALUES
('5b8a5e38-71f4-4bb9-8a42-a2ffece79ed2', 'event', '303b4553-a3c6-43e2-bac1-1f77ecee1ba4', 'updated', 'location', 'M', 'Ma', '8ca9f4e0-8dc0-42b3-85ba-ee879ad1ed4f', 'Field "location" updated from "M" to "Ma"', '2025-10-06 17:27:38.012493+00'),
('c92d873a-ec01-44d7-955a-9b0498c573e4', 'event', '303b4553-a3c6-43e2-bac1-1f77ecee1ba4', 'updated', 'location', 'Ma', 'Mar', '8ca9f4e0-8dc0-42b3-85ba-ee879ad1ed4f', 'Field "location" updated from "Ma" to "Mar"', '2025-10-06 17:27:38.714232+00'),
('80247be1-c076-4c6f-8bec-d43fd6572372', 'event', '303b4553-a3c6-43e2-bac1-1f77ecee1ba4', 'updated', 'location', 'Mar', 'Mary', '8ca9f4e0-8dc0-42b3-85ba-ee879ad1ed4f', 'Field "location" updated from "Mar" to "Mary"', '2025-10-06 17:27:44.125134+00'),
('79fceb5e-f505-4c71-bbcc-b2581b703e1b', 'event', '303b4553-a3c6-43e2-bac1-1f77ecee1ba4', 'updated', 'location', 'Mary', 'Maryl', '8ca9f4e0-8dc0-42b3-85ba-ee879ad1ed4f', 'Field "location" updated from "Mary" to "Maryl"', '2025-10-06 17:27:44.577379+00'),
('57bbe117-4e31-4b2f-aad4-86f8da82b43e', 'event', '303b4553-a3c6-43e2-bac1-1f77ecee1ba4', 'updated', 'location', 'Maryl', 'Maryla', '8ca9f4e0-8dc0-42b3-85ba-ee879ad1ed4f', 'Field "location" updated from "Maryl" to "Maryla"', '2025-10-06 17:27:45.135324+00'),
('5cf25fcf-85c4-4b21-874f-f7478eccf925', 'event', '303b4553-a3c6-43e2-bac1-1f77ecee1ba4', 'updated', 'location', 'Maryla', 'Marylan', '8ca9f4e0-8dc0-42b3-85ba-ee879ad1ed4f', 'Field "location" updated from "Maryla" to "Marylan"', '2025-10-06 17:27:45.616557+00'),
('5bae8991-0752-4696-8d9e-61ea928e8f5c', 'event', '303b4553-a3c6-43e2-bac1-1f77ecee1ba4', 'updated', 'location', 'Marylan', 'Maryland', '8ca9f4e0-8dc0-42b3-85ba-ee879ad1ed4f', 'Field "location" updated from "Marylan" to "Maryland"', '2025-10-06 17:27:46.173928+00'),
('6933e3ab-413b-49f9-8034-84e938049b08', 'event', '303b4553-a3c6-43e2-bac1-1f77ecee1ba4', 'updated', 'location', NULL, 'M', '8ca9f4e0-8dc0-42b3-85ba-ee879ad1ed4f', 'Field "location" updated from "empty" to "M"', '2025-10-06 17:29:52.198483+00'),
('5dca8b9d-c37d-4e68-8e15-134467af8e99', 'event', '303b4553-a3c6-43e2-bac1-1f77ecee1ba4', 'updated', 'location', 'M', 'Ma', '8ca9f4e0-8dc0-42b3-85ba-ee879ad1ed4f', 'Field "location" updated from "M" to "Ma"', '2025-10-06 17:29:53.206636+00'),
('332af9f7-d9d6-479a-89e9-a5243ae2aaaf', 'event', '303b4553-a3c6-43e2-bac1-1f77ecee1ba4', 'updated', 'location', 'Ma', 'Mar', '8ca9f4e0-8dc0-42b3-85ba-ee879ad1ed4f', 'Field "location" updated from "Ma" to "Mar"', '2025-10-06 17:29:53.838705+00'),
('5dca8d78-a681-4313-9436-1624fb124643', 'event', '303b4553-a3c6-43e2-bac1-1f77ecee1ba4', 'updated', 'location', 'Mar', 'Mary', '8ca9f4e0-8dc0-42b3-85ba-ee879ad1ed4f', 'Field "location" updated from "Mar" to "Mary"', '2025-10-06 17:29:54.377224+00'),
('8818a500-b42b-4555-9bfd-adb428e12363', 'event', '303b4553-a3c6-43e2-bac1-1f77ecee1ba4', 'updated', 'location', 'Mary', 'Maryl', '8ca9f4e0-8dc0-42b3-85ba-ee879ad1ed4f', 'Field "location" updated from "Mary" to "Maryl"', '2025-10-06 17:29:54.887028+00'),
('f0148f16-1b74-41be-9900-74ebde2cce5b', 'event', '303b4553-a3c6-43e2-bac1-1f77ecee1ba4', 'updated', 'location', 'Maryl', 'Maryla', '8ca9f4e0-8dc0-42b3-85ba-ee879ad1ed4f', 'Field "location" updated from "Maryl" to "Maryla"', '2025-10-06 17:29:55.250783+00'),
('ca9d0034-a8e7-4363-8de1-570349651697', 'event', '303b4553-a3c6-43e2-bac1-1f77ecee1ba4', 'updated', 'location', 'Maryla', 'Marylan', '8ca9f4e0-8dc0-42b3-85ba-ee879ad1ed4f', 'Field "location" updated from "Maryla" to "Marylan"', '2025-10-06 17:29:55.793604+00'),
('85a7976e-9681-4c0d-b9c2-d39c50bda86c', 'event', '303b4553-a3c6-43e2-bac1-1f77ecee1ba4', 'updated', 'location', 'Marylan', 'Maryland', '8ca9f4e0-8dc0-42b3-85ba-ee879ad1ed4f', 'Field "location" updated from "Marylan" to "Maryland"', '2025-10-06 17:29:56.21099+00'),
('2555f357-7093-4a04-b59d-3393d8d33f96', 'event', '303b4553-a3c6-43e2-bac1-1f77ecee1ba4', 'updated', 'status', 'pending', 'in_progress', '8ca9f4e0-8dc0-42b3-85ba-ee879ad1ed4f', 'Field "status" updated from "pending" to "in_progress"', '2025-10-06 20:32:58.813869+00'),
('1989c8d3-b763-47da-a46f-f932e1fe7365', 'event', '48ae39f9-156b-43ad-a914-71c777eb42a5', 'updated', 'title', 'Demo Event', 'Demo Eventt', 'b0d281ca-c8c8-4d6a-89fc-c9cf3afadaf2', 'Field "title" updated from "Demo Event" to "Demo Eventt"', '2025-10-08 18:59:37.210914+00'),
('247cff7a-493d-4fd6-8608-22d6a947d1ee', 'event', '48ae39f9-156b-43ad-a914-71c777eb42a5', 'updated', 'title', 'Demo Eventt', 'Demo Event', 'b0d281ca-c8c8-4d6a-89fc-c9cf3afadaf2', 'Field "title" updated from "Demo Eventt" to "Demo Event"', '2025-10-08 18:59:41.996966+00'),
('1686bece-ba30-4621-9553-dc12fe5182d0', 'task', '0ad12b10-9f50-47dc-a8cb-2291f4a89fb3', 'updated', 'status', 'not_started', 'in_progress', 'b0d281ca-c8c8-4d6a-89fc-c9cf3afadaf2', 'Updated status from "not_started" to "in_progress"', '2025-10-08 19:24:41.920199+00'),
('e4760e84-8b7f-4075-964e-e84668a8bebb', 'task', 'f7ca1110-483d-4d2b-8582-d1e9ab5a72be', 'updated', 'status', 'in_progress', 'on_hold', 'b0d281ca-c8c8-4d6a-89fc-c9cf3afadaf2', 'Updated status from "in_progress" to "on_hold"', '2025-10-08 19:25:34.141354+00'),
('49ecd802-c8ff-42f9-abb5-5bc86bab2ad0', 'task', '14aa1366-cefd-4962-b8d3-729f6689874c', 'updated', 'status', 'not_started', 'completed', 'b0d281ca-c8c8-4d6a-89fc-c9cf3afadaf2', 'Updated status from "not_started" to "completed"', '2025-10-08 19:25:36.220273+00'),
('5cd19835-ac34-4e71-ba86-19bbdcf35c68', 'task', 'ddec91b4-6c45-4ebf-9d2c-b7e73458329c', 'updated', 'status', 'not_started', 'completed', 'b0d281ca-c8c8-4d6a-89fc-c9cf3afadaf2', 'Updated status from "not_started" to "completed"', '2025-10-08 19:25:38.405984+00'),
('a164f947-739d-47dd-b69f-ad66bc9ae0eb', 'task', '10e469a7-2b7a-43c0-af4d-c03224da7cad', 'updated', 'status', 'cancelled', 'on_hold', 'b0d281ca-c8c8-4d6a-89fc-c9cf3afadaf2', 'Updated status from "cancelled" to "on_hold"', '2025-10-08 19:25:41.384922+00'),
('d4a63705-af56-42d3-b1e9-68457893e8cf', 'task', '82792227-4b7a-4401-9493-1bb3ede3c3a9', 'updated', 'title', 'Define Event Concept', 'Define Concept', 'b0d281ca-c8c8-4d6a-89fc-c9cf3afadaf2', 'Updated title from "Define Event Concept" to "Define Concept"', '2025-10-08 19:25:54.035312+00'),
('19708b24-1e2a-42ac-ae05-bb8832f93db1', 'workflow', 'dfd26145-b748-4752-9b81-543a4a202e4e', 'updated', 'workflow_type_id', '3', '2', 'b0d281ca-c8c8-4d6a-89fc-c9cf3afadaf2', 'Workflow type changed to professional-planner', '2025-10-08 20:11:23.532352+00'),
('2f81e3cb-42a4-4f65-aa64-5886b56090bb', 'workflow', 'dfd26145-b748-4752-9b81-543a4a202e4e', 'updated', 'workflow_type_id', '2', '1', 'b0d281ca-c8c8-4d6a-89fc-c9cf3afadaf2', 'Workflow type changed to social-organizer', '2025-10-08 20:12:39.516856+00'),
('be81c16a-274b-423f-a8cc-238daee5a35c', 'workflow', 'dfd26145-b748-4752-9b81-543a4a202e4e', 'updated', 'workflow_type_id', '1', '1', 'b0d281ca-c8c8-4d6a-89fc-c9cf3afadaf2', 'Workflow type changed to social-organizer', '2025-10-08 20:16:54.950064+00'),
('d0554ca0-a4b2-45ad-bf10-9e5a0e2dc0f4', 'workflow', 'dfd26145-b748-4752-9b81-543a4a202e4e', 'updated', 'theme_id', '8', '7', 'b0d281ca-c8c8-4d6a-89fc-c9cf3afadaf2', 'Event Theme changed', '2025-10-08 20:17:00.459089+00'),
('f07fa0f6-bb10-440a-a2a3-f239bc489eb2', 'workflow', 'dfd26145-b748-4752-9b81-543a4a202e4e', 'updated', 'hospitality_id', '2f0ad0a3-6ad5-4e41-abf2-113a4bf07d84', 'e67ec50f-9928-40d9-be0d-4087bdaed139', 'b0d281ca-c8c8-4d6a-89fc-c9cf3afadaf2', 'Hospitality Selection changed', '2025-10-08 20:17:02.249059+00'),
('5d624ed4-b902-44b3-b13d-817c6864642a', 'workflow', 'dfd26145-b748-4752-9b81-543a4a202e4e', 'updated', 'venue_id', 'cc9dbe4e-4dd4-4a22-9a84-643d2efbf60a', 'fa97c6d9-5e92-4b22-93b9-6029919170f1', 'b0d281ca-c8c8-4d6a-89fc-c9cf3afadaf2', 'Venue Selection changed', '2025-10-08 20:17:04.423038+00'),
('eb105637-584c-4fd1-aefa-0db16f5effc1', 'workflow', 'dfd26145-b748-4752-9b81-543a4a202e4e', 'updated', 'serv_vendor_rent_id', 'dc388f88-3466-4d10-84c4-57f27c503f29', 'd442c7f9-cfa7-40a9-8664-177771420d76', 'b0d281ca-c8c8-4d6a-89fc-c9cf3afadaf2', 'Service Rental Selection changed', '2025-10-08 20:17:08.399988+00'),
('30321b37-c86e-40b8-ad6c-a7d6a444a7f1', 'workflow', 'dfd26145-b748-4752-9b81-543a4a202e4e', 'updated', 'supplier_id', '1863b006-c830-4247-80e3-4829a30d0e0f', '3a28ebca-8405-40bc-9a97-0f0dc267f906', 'b0d281ca-c8c8-4d6a-89fc-c9cf3afadaf2', 'Supplier Selection changed', '2025-10-08 20:17:09.937219+00'),
('804751cf-4fed-41e0-869d-c9b7923a8808', 'budget_item', 'f28d175f-ddfa-4b2f-beaa-00d753c2b9fa', 'updated', 'payment_status', 'pending', 'partial', 'b0d281ca-c8c8-4d6a-89fc-c9cf3afadaf2', NULL, '2025-10-08 20:27:22.884094+00'),
('1af16000-8c79-4a34-b6f1-0bf65bf56fc6', 'budget_item', 'f28d175f-ddfa-4b2f-beaa-00d753c2b9fa', 'updated', 'payment_status', 'partial', 'paid', 'b0d281ca-c8c8-4d6a-89fc-c9cf3afadaf2', NULL, '2025-10-08 20:31:20.322409+00'),
('0a4c20b2-a384-4241-bb2b-101e016b974a', 'budget_item', '96799077-e1ce-4cae-8e8f-f9c29e05d50a', 'updated', 'archived', 'false', 'true', 'b0d281ca-c8c8-4d6a-89fc-c9cf3afadaf2', NULL, '2025-10-08 20:31:25.624692+00'),
('17a302fc-5e42-481f-893f-e74c6efcfb70', 'event', '736d789a-07a4-4329-ad67-70c385b4e976', 'updated', 'title', 'Event with no tags 2', 'Event with no tags ', 'b0d281ca-c8c8-4d6a-89fc-c9cf3afadaf2', 'Field "title" updated from "Event with no tags 2" to "Event with no tags "', '2025-10-08 20:47:36.369769+00'),
('374136a8-42cb-4484-89e8-9bd9c1005fb4', 'event', '736d789a-07a4-4329-ad67-70c385b4e976', 'updated', 'title', 'Event with no tags ', 'Event with no tags 2', 'b0d281ca-c8c8-4d6a-89fc-c9cf3afadaf2', 'Field "title" updated from "Event with no tags " to "Event with no tags 2"', '2025-10-08 20:47:36.51602+00'),
('1ad4b5eb-76bd-4cee-9118-c842f6a15d36', 'event', '736d789a-07a4-4329-ad67-70c385b4e976', 'updated', 'title', 'Event with no tags 2', 'Event with no tags ', 'b0d281ca-c8c8-4d6a-89fc-c9cf3afadaf2', 'Field "title" updated from "Event with no tags 2" to "Event with no tags "', '2025-10-08 20:47:37.269799+00'),
('2d0caa19-d398-4dd7-bf4f-53893268b42b', 'event', '736d789a-07a4-4329-ad67-70c385b4e976', 'updated', 'title', 'Event with no tags ', 'Event with no tags 3', 'b0d281ca-c8c8-4d6a-89fc-c9cf3afadaf2', 'Field "title" updated from "Event with no tags " to "Event with no tags 3"', '2025-10-08 20:47:37.657927+00'),
('bf218327-1991-403d-96cd-f2eea09e905e', 'task', 'f7ca1110-483d-4d2b-8582-d1e9ab5a72be', 'updated', 'archived', 'false', 'true', 'b0d281ca-c8c8-4d6a-89fc-c9cf3afadaf2', NULL, '2025-10-08 20:55:44.314102+00'),
('2fd9fa38-5c3e-44f3-b7c1-fe48e6526975', 'task', '18710073-667e-41e4-8178-19da208c6512', 'updated', 'end_date', NULL, '2025-10-14', 'b0d281ca-c8c8-4d6a-89fc-c9cf3afadaf2', NULL, '2025-10-08 20:55:59.752524+00'),
('7467887b-e0a3-4f25-9ad7-db7aae0e54a0', 'task', '18710073-667e-41e4-8178-19da208c6512', 'updated', 'start_date', '2025-10-13', '2025-10-07', 'b0d281ca-c8c8-4d6a-89fc-c9cf3afadaf2', NULL, '2025-10-08 20:56:02.338845+00'),
('d0e44a61-d70b-4542-877b-f33ebc99dcc4', 'task', '18710073-667e-41e4-8178-19da208c6512', 'updated', 'start_time', NULL, '16:57:00', 'b0d281ca-c8c8-4d6a-89fc-c9cf3afadaf2', NULL, '2025-10-08 20:56:06.514806+00'),
('b15e253a-ce07-48fa-a0c2-69018e280030', 'task', '18710073-667e-41e4-8178-19da208c6512', 'updated', 'end_time', NULL, '20:56:00', 'b0d281ca-c8c8-4d6a-89fc-c9cf3afadaf2', NULL, '2025-10-08 20:56:09.983755+00'),
('4d9f82e3-f07f-4fbc-91dd-8b679fbefb80', 'task', 'c015e153-f566-4c15-9b93-0f60ab5b3bba', 'updated', 'start_time', '03:31:00', '05:31:00', 'b0d281ca-c8c8-4d6a-89fc-c9cf3afadaf2', NULL, '2025-10-08 20:56:40.415005+00'),
('fc5ef56a-3912-477a-98ca-058967c9090c', 'task', 'c015e153-f566-4c15-9b93-0f60ab5b3bba', 'updated', 'end_time', '04:20:00', '08:20:00', 'b0d281ca-c8c8-4d6a-89fc-c9cf3afadaf2', NULL, '2025-10-08 20:56:43.188345+00'),
('1a0f56dd-caf0-4fb1-8173-b36c44f2e83a', 'task', 'c015e153-f566-4c15-9b93-0f60ab5b3bba', 'updated', 'start_date', '2025-10-21', '2025-10-07', 'b0d281ca-c8c8-4d6a-89fc-c9cf3afadaf2', NULL, '2025-10-08 20:56:47.804146+00'),
('6a0d0331-8846-448e-8bc3-93c8640f1df2', 'task', 'c015e153-f566-4c15-9b93-0f60ab5b3bba', 'updated', 'end_date', '2025-09-16', '2025-10-14', 'b0d281ca-c8c8-4d6a-89fc-c9cf3afadaf2', NULL, '2025-10-08 20:56:50.837633+00'),
('84b2ae5f-1a7d-4a40-b1fb-b0506cdace97', 'task', 'ddec91b4-6c45-4ebf-9d2c-b7e73458329c', 'updated', 'due_date', NULL, '2025-10-26 20:00:00+00', 'b0d281ca-c8c8-4d6a-89fc-c9cf3afadaf2', NULL, '2025-10-08 20:57:52.116834+00'),
('85d660d7-68ea-415c-bc40-857aa6868f37', 'task', 'ddec91b4-6c45-4ebf-9d2c-b7e73458329c', 'updated', 'description', 'Secure location that fits theme and guest count', 'Secure location that fits theme and guests count', 'b0d281ca-c8c8-4d6a-89fc-c9cf3afadaf2', NULL, '2025-10-08 20:57:52.116834+00'),
('37961520-e5a5-4f0c-a1b7-0ca43a0ab399', 'task', 'ddec91b4-6c45-4ebf-9d2c-b7e73458329c', 'updated', 'estimated_hours', NULL, '3', 'b0d281ca-c8c8-4d6a-89fc-c9cf3afadaf2', NULL, '2025-10-08 20:57:52.116834+00'),
('7464cbfa-c3ab-43f3-9f20-17f84cbf5458', 'task', 'ddec91b4-6c45-4ebf-9d2c-b7e73458329c', 'updated', 'priority', 'high', 'medium', 'b0d281ca-c8c8-4d6a-89fc-c9cf3afadaf2', NULL, '2025-10-08 20:57:52.116834+00'),
('eab3561c-01fc-419d-936c-7234c6f04941', 'task', 'ddec91b4-6c45-4ebf-9d2c-b7e73458329c', 'updated', 'title', 'Book Venue', 'Book Venues', 'b0d281ca-c8c8-4d6a-89fc-c9cf3afadaf2', 'Updated title from "Book Venue" to "Book Venues"', '2025-10-08 20:57:52.237012+00'),
('66551102-8bef-41e6-966f-1d793c0616d6', 'task', 'ddec91b4-6c45-4ebf-9d2c-b7e73458329c', 'updated', 'description', 'Secure location that fits theme and guest count', 'Secure location that fits theme and guests count', 'b0d281ca-c8c8-4d6a-89fc-c9cf3afadaf2', 'Updated description from "Secure location that fits theme and guest count" to "Secure location that fits theme and guests count"', '2025-10-08 20:57:52.337422+00'),
('122fe648-fd85-4462-8492-3a9dd36fe641', 'task', 'ddec91b4-6c45-4ebf-9d2c-b7e73458329c', 'updated', 'priority', 'high', 'medium', 'b0d281ca-c8c8-4d6a-89fc-c9cf3afadaf2', 'Updated priority from "high" to "medium"', '2025-10-08 20:57:52.436736+00'),
('6b356090-c9f7-4853-9327-b07b1da8694a', 'task', 'ddec91b4-6c45-4ebf-9d2c-b7e73458329c', 'updated', 'estimated_hours', 'None', '3', 'b0d281ca-c8c8-4d6a-89fc-c9cf3afadaf2', 'Updated estimated_hours from "None" to "3"', '2025-10-08 20:57:52.742924+00'),
('350f9b8a-9847-4b9b-89e8-52dc40e812b7', 'task', 'ddec91b4-6c45-4ebf-9d2c-b7e73458329c', 'updated', 'due_date', 'None', '2025-10-26T20:00', 'b0d281ca-c8c8-4d6a-89fc-c9cf3afadaf2', 'Updated due_date from "None" to "2025-10-26T20:00"', '2025-10-08 20:57:52.844696+00'),
('b8205430-bfdf-49d1-8e7c-930667226af3', 'task', 'ddec91b4-6c45-4ebf-9d2c-b7e73458329c', 'updated', 'assigned_to', 'Unassigned', 'Venue Owner', 'b0d281ca-c8c8-4d6a-89fc-c9cf3afadaf2', 'Task reassigned from Unassigned to Venue Owner', '2025-10-08 20:57:53.840176+00'),
('b26834c4-4d80-444b-ae66-43f3ea00c455', 'task', '744d184e-5fbf-477d-b624-90e1b10b33e5', 'updated', 'status', 'not_started', 'cancelled', 'b0d281ca-c8c8-4d6a-89fc-c9cf3afadaf2', 'Updated status from "not_started" to "cancelled"', '2025-10-08 22:28:22.811529+00'),
('ef359aca-760f-4f69-8434-7cb7ae2b0adf', 'budget_item', '130f4375-205e-4286-959b-fa1b8e92986e', 'updated', 'payment_status', 'pending', 'overdue', 'b0d281ca-c8c8-4d6a-89fc-c9cf3afadaf2', NULL, '2025-10-08 22:39:18.029277+00'),
('90093700-3f3c-4160-9544-f1ddd558a33c', 'budget_item', 'cfc2460f-4454-4566-ae0e-02dd9e03ff1e', 'updated', 'actual_cost', '100.00', '10.00', 'b0d281ca-c8c8-4d6a-89fc-c9cf3afadaf2', NULL, '2025-10-08 22:39:28.69029+00'),
('56b61dfe-90f8-481f-8486-c078ccbb8311', 'workflow', 'dfd26145-b748-4752-9b81-543a4a202e4e', 'updated', 'workflow_type_id', '1', '1', 'b0d281ca-c8c8-4d6a-89fc-c9cf3afadaf2', 'Workflow type changed to social-organizer', '2025-10-08 23:07:26.774687+00'),
('e378282f-5b0d-453e-bcc6-cf1096f0dc3c', 'workflow', 'c6b4568a-8b02-4a54-9b5f-15cff5ee4dcc', 'updated', 'theme_id', '7', '11', 'b0d281ca-c8c8-4d6a-89fc-c9cf3afadaf2', 'Event Theme changed', '2025-10-08 23:07:28.394127+00'),
('91e31442-658a-4394-8a22-ebfab355454c', 'workflow', 'c6b4568a-8b02-4a54-9b5f-15cff5ee4dcc', 'updated', 'hospitality_id', 'eff27da8-3948-4aa4-b1f5-a8621eeeae57', 'e67ec50f-9928-40d9-be0d-4087bdaed139', 'b0d281ca-c8c8-4d6a-89fc-c9cf3afadaf2', 'Hospitality Selection changed', '2025-10-08 23:07:30.259145+00'),
('95589ef8-d127-4846-b6e5-00099050413d', 'workflow', 'c6b4568a-8b02-4a54-9b5f-15cff5ee4dcc', 'updated', 'venue_id', 'fa97c6d9-5e92-4b22-93b9-6029919170f1', '25730f16-8d25-4f38-b39b-58ba04fb7543', 'b0d281ca-c8c8-4d6a-89fc-c9cf3afadaf2', 'Venue Selection changed', '2025-10-08 23:07:32.439499+00'),
('b0ed105d-89d1-45a6-9fc1-5b430a376858', 'workflow', 'c6b4568a-8b02-4a54-9b5f-15cff5ee4dcc', 'updated', 'serv_vendor_sup_id', '6e41a8f5-7a04-4cdb-999e-37f9f011f07d', 'd2c00f98-d25f-48c2-b46f-837458c699ee', 'b0d281ca-c8c8-4d6a-89fc-c9cf3afadaf2', 'Service Vendor Selection changed', '2025-10-08 23:07:35.506971+00'),
('11d03772-f9bc-43b4-ad65-74a9d2ee02a7', 'workflow', 'c6b4568a-8b02-4a54-9b5f-15cff5ee4dcc', 'updated', 'supplier_id', '1863b006-c830-4247-80e3-4829a30d0e0f', '3a28ebca-8405-40bc-9a97-0f0dc267f906', 'b0d281ca-c8c8-4d6a-89fc-c9cf3afadaf2', 'Supplier Selection changed', '2025-10-08 23:07:37.022062+00'),
('02f96a53-6bc1-4ea0-bd65-353d037a2342', 'task', 'ddec91b4-6c45-4ebf-9d2c-b7e73458329c', 'updated', 'status', 'completed', 'in_progress', 'b0d281ca-c8c8-4d6a-89fc-c9cf3afadaf2', 'Updated status from "completed" to "in_progress"', '2025-10-08 23:22:54.856608+00'),
('e53863df-8fd7-406e-9dde-38a5c0c74ecd', 'task', 'ddec91b4-6c45-4ebf-9d2c-b7e73458329c', 'updated', 'title', 'Book Venues', 'Book Venue', 'b0d281ca-c8c8-4d6a-89fc-c9cf3afadaf2', 'Updated title from "Book Venues" to "Book Venue"', '2025-10-08 23:30:36.512986+00'),
('ffee4c7b-0206-447f-a68e-08a2f1f804ca', 'event', '736d789a-07a4-4329-ad67-70c385b4e976', 'updated', 'title', 'Event with no tags 3', 'Event with no tags ', 'b0d281ca-c8c8-4d6a-89fc-c9cf3afadaf2', 'Field "title" updated from "Event with no tags 3" to "Event with no tags "', '2025-10-08 23:36:51.278587+00'),
('94fa84c6-241a-44fa-a421-d268e72fc420', 'event', '736d789a-07a4-4329-ad67-70c385b4e976', 'updated', 'title', 'Event with no tags ', 'Event with no tags 4', 'b0d281ca-c8c8-4d6a-89fc-c9cf3afadaf2', 'Field "title" updated from "Event with no tags " to "Event with no tags 4"', '2025-10-08 23:36:51.671015+00'),
('322b7c0f-35fc-4dc8-a177-204fa4eeeceb', 'task', '460200aa-fec2-4b04-a3b2-c07e21006ef8', 'updated', 'assigned_to', NULL, '8ca9f4e0-8dc0-42b3-85ba-ee879ad1ed4f', '8ca9f4e0-8dc0-42b3-85ba-ee879ad1ed4f', NULL, '2025-10-11 21:46:57.428354+00'),
('91aa6ea9-f62a-459c-a624-c22ea23f7290', 'task', '30b76690-8437-4331-b5f2-f217e38d3656', 'updated', 'priority', 'high', 'medium', '8ca9f4e0-8dc0-42b3-85ba-ee879ad1ed4f', NULL, '2025-10-12 00:09:05.916419+00'),
('97777e97-1d20-4b6b-aabc-c16976455985', 'task', '30b76690-8437-4331-b5f2-f217e38d3656', 'updated', 'priority', 'high', 'medium', '8ca9f4e0-8dc0-42b3-85ba-ee879ad1ed4f', 'Updated priority from "high" to "medium"', '2025-10-12 00:09:06.026098+00'),
('f00ddc14-f7f4-4fc9-847a-b7051344d0f2', 'task', '277467f2-4e04-44d9-96c6-9e3a95dbf592', 'updated', 'description', 'Assign coordinator responsibility', 'Enter task collaborator name', '8ca9f4e0-8dc0-42b3-85ba-ee879ad1ed4f', NULL, '2025-10-14 01:05:19.077198+00'),
('880a4300-e215-4cd9-82f7-9af09225e28a', 'task', '312899a4-f355-4363-9969-af5bffac9a2f', 'updated', 'description', 'Assign tasks to team members', 'Enter task collaborator name', '8ca9f4e0-8dc0-42b3-85ba-ee879ad1ed4f', NULL, '2025-10-14 01:05:19.077198+00'),
('ae2353e3-f82a-45a3-bb8e-b780e31c2a35', 'task', '3185c8a2-3cc0-4cde-b463-276db81c9bd0', 'updated', 'description', 'Assign coordinator responsibility', 'Enter task collaborator name', '8ca9f4e0-8dc0-42b3-85ba-ee879ad1ed4f', NULL, '2025-10-14 01:05:19.077198+00'),
('5de791bb-945e-4fd8-8c9e-b869c73648b6', 'task', 'e7a5c811-d7bb-457e-945a-c3d944991940', 'updated', 'description', 'Assign coordinator responsibility', 'Enter task collaborator name', '8ca9f4e0-8dc0-42b3-85ba-ee879ad1ed4f', NULL, '2025-10-14 01:05:19.077198+00'),
('f1ffa737-1834-4f05-a619-d344b091f303', 'task', '30b76690-8437-4331-b5f2-f217e38d3656', 'updated', 'description', 'Assign task responsibilities', 'Enter task collaborator name', '8ca9f4e0-8dc0-42b3-85ba-ee879ad1ed4f', NULL, '2025-10-14 01:05:19.077198+00'),
('87fa0eff-e7a8-496b-af77-01e525cd1476', 'task', '30b76690-8437-4331-b5f2-f217e38d3656', 'updated', 'status', 'not_started', 'in_progress', '8ca9f4e0-8dc0-42b3-85ba-ee879ad1ed4f', 'Updated status from "not_started" to "in_progress"', '2025-10-14 01:05:55.153415+00'),
('2426ae2f-c6f2-4ca9-acbe-488ace670747', 'task', '3185c8a2-3cc0-4cde-b463-276db81c9bd0', 'updated', 'status', 'in_progress', 'on_hold', '8ca9f4e0-8dc0-42b3-85ba-ee879ad1ed4f', 'Updated status from "in_progress" to "on_hold"', '2025-10-14 20:29:48.560543+00'),
('57be0ecf-57f7-42f0-89a0-bb953ab8b63b', 'task', 'e7a5c811-d7bb-457e-945a-c3d944991940', 'updated', 'status', 'not_started', 'in_progress', '8ca9f4e0-8dc0-42b3-85ba-ee879ad1ed4f', 'Updated status from "not_started" to "in_progress"', '2025-10-14 20:30:20.618573+00'),
('d408e389-5602-4bb3-a417-312181a27f93', 'task', '277467f2-4e04-44d9-96c6-9e3a95dbf592', 'updated', 'status', 'not_started', 'in_progress', '8ca9f4e0-8dc0-42b3-85ba-ee879ad1ed4f', 'Updated status from "not_started" to "in_progress"', '2025-10-14 20:31:16.425653+00'),
('282715de-900c-4389-b053-5ebad5cf7781', 'task', '312899a4-f355-4363-9969-af5bffac9a2f', 'updated', 'status', 'not_started', 'in_progress', '8ca9f4e0-8dc0-42b3-85ba-ee879ad1ed4f', 'Updated status from "not_started" to "in_progress"', '2025-10-14 20:31:28.553736+00'),
('0667ccb2-ec29-48ed-b8b1-31c135067684', 'task', '30b76690-8437-4331-b5f2-f217e38d3656', 'updated', 'status', 'in_progress', 'completed', '8ca9f4e0-8dc0-42b3-85ba-ee879ad1ed4f', 'Updated status from "in_progress" to "completed"', '2025-11-10 23:22:12.27163+00'),
('6acc4f8f-19ce-42ae-9cc8-8074d8fbc120', 'task', '3185c8a2-3cc0-4cde-b463-276db81c9bd0', 'updated', 'status', 'on_hold', 'completed', '8ca9f4e0-8dc0-42b3-85ba-ee879ad1ed4f', 'Updated status from "on_hold" to "completed"', '2025-11-10 23:22:20.606642+00'),
('96c30aaa-2797-4625-80e3-422822a2332d', 'task', 'e7a5c811-d7bb-457e-945a-c3d944991940', 'updated', 'status', 'in_progress', 'completed', '8ca9f4e0-8dc0-42b3-85ba-ee879ad1ed4f', 'Updated status from "in_progress" to "completed"', '2025-11-10 23:22:25.318287+00'),
('8910f8ba-e882-4c0e-bc96-c111c9c35d8a', 'task', '277467f2-4e04-44d9-96c6-9e3a95dbf592', 'updated', 'status', 'in_progress', 'completed', '8ca9f4e0-8dc0-42b3-85ba-ee879ad1ed4f', 'Updated status from "in_progress" to "completed"', '2025-11-10 23:22:40.705507+00'),
('e27d9980-a682-41a8-bace-eaaebc6fb41e', 'task', '312899a4-f355-4363-9969-af5bffac9a2f', 'updated', 'status', 'in_progress', 'completed', '8ca9f4e0-8dc0-42b3-85ba-ee879ad1ed4f', 'Updated status from "in_progress" to "completed"', '2025-11-10 23:22:45.450614+00'),
('a3359253-c0f2-4043-86f3-485690dfcd1b', 'event', '303b4553-a3c6-43e2-bac1-1f77ecee1ba4', 'updated', 'status', 'in_progress', 'completed', '8ca9f4e0-8dc0-42b3-85ba-ee879ad1ed4f', 'Field "status" updated from "in_progress" to "completed"', '2025-11-10 23:24:41.598661+00'),
('5619c0bf-651f-4d5b-b23e-ff847ad07355', 'event', 'fe615730-2750-42e1-b09b-3fe45f5e9d0d', 'updated', 'budget', NULL, '5000', '8ca9f4e0-8dc0-42b3-85ba-ee879ad1ed4f', 'Field "budget" updated from "empty" to "5000"', '2025-11-11 00:01:19.49033+00'),
('fb60fd4a-9a8a-4694-9968-feaf987b7455', 'task', '30b76690-8437-4331-b5f2-f217e38d3656', 'updated', 'archived', 'false', 'true', '8ca9f4e0-8dc0-42b3-85ba-ee879ad1ed4f', NULL, '2025-11-11 00:51:51.016753+00'),
('17d68ce4-ec04-4c21-bbab-2053837ff834', 'task', '3185c8a2-3cc0-4cde-b463-276db81c9bd0', 'updated', 'archived', 'false', 'true', '8ca9f4e0-8dc0-42b3-85ba-ee879ad1ed4f', NULL, '2025-11-11 00:51:56.327782+00'),
('c41bb10a-bcec-4f1d-9359-b521b21b21a6', 'task', 'e7a5c811-d7bb-457e-945a-c3d944991940', 'updated', 'archived', 'false', 'true', '8ca9f4e0-8dc0-42b3-85ba-ee879ad1ed4f', NULL, '2025-11-11 00:51:59.263599+00'),
('b46288f7-f22a-4882-aacf-b70f45c6ae76', 'task', '277467f2-4e04-44d9-96c6-9e3a95dbf592', 'updated', 'archived', 'false', 'true', '8ca9f4e0-8dc0-42b3-85ba-ee879ad1ed4f', NULL, '2025-11-11 00:52:01.906221+00'),
('aa600d37-7929-4185-bec1-32dbb9e05169', 'task', '312899a4-f355-4363-9969-af5bffac9a2f', 'updated', 'archived', 'false', 'true', '8ca9f4e0-8dc0-42b3-85ba-ee879ad1ed4f', NULL, '2025-11-11 00:52:05.185205+00'),
('8ef7704f-8e71-4832-b734-901879959350', 'budget_item', '4bdcd42b-d0a6-4087-8157-cc39992de713', 'updated', 'archived', 'false', 'true', '8ca9f4e0-8dc0-42b3-85ba-ee879ad1ed4f', NULL, '2025-11-18 23:24:19.282813+00'),
('8136f616-28de-4f4b-894f-714072535f44', 'event', '2612ec4c-453b-4397-95a6-fcff0a09a4aa', 'updated', 'start_time', NULL, '12:00', '8ca9f4e0-8dc0-42b3-85ba-ee879ad1ed4f', 'Field "start_time" updated from "empty" to "12:00"', '2025-11-30 00:05:33.109707+00'),
('9b7c044c-00c4-43d6-8b37-70f078a7032b', 'event', '2612ec4c-453b-4397-95a6-fcff0a09a4aa', 'updated', 'end_date', NULL, '0002-12-13', '8ca9f4e0-8dc0-42b3-85ba-ee879ad1ed4f', 'Field "end_date" updated from "empty" to "0002-12-13"', '2025-11-30 00:05:57.149503+00'),
('6fb37834-c9d3-426b-a81b-16a081299818', 'event', '2612ec4c-453b-4397-95a6-fcff0a09a4aa', 'updated', 'end_date', '0002-12-13', '0020-12-13', '8ca9f4e0-8dc0-42b3-85ba-ee879ad1ed4f', 'Field "end_date" updated from "0002-12-13" to "0020-12-13"', '2025-11-30 00:05:57.341543+00');

INSERT INTO "public".change_logs (id, entity_type, entity_id, action, field_name, old_value, new_value, changed_by, change_description, created_at) VALUES
('886c42c4-fc38-47f9-acf0-60748f48e63a', 'event', '2612ec4c-453b-4397-95a6-fcff0a09a4aa', 'updated', 'end_date', '0020-12-13', '0202-12-13', '8ca9f4e0-8dc0-42b3-85ba-ee879ad1ed4f', 'Field "end_date" updated from "0020-12-13" to "0202-12-13"', '2025-11-30 00:05:58.009365+00'),
('e0b33b38-6652-4928-9a14-ffa4640a9508', 'event', '2612ec4c-453b-4397-95a6-fcff0a09a4aa', 'updated', 'end_date', '0202-12-13', '2025-12-13', '8ca9f4e0-8dc0-42b3-85ba-ee879ad1ed4f', 'Field "end_date" updated from "0202-12-13" to "2025-12-13"', '2025-11-30 00:05:58.87028+00'),
('e4f8cb5d-32ea-490f-ab4b-326818acd42c', 'event', '2612ec4c-453b-4397-95a6-fcff0a09a4aa', 'updated', 'end_time', NULL, '18:00', '8ca9f4e0-8dc0-42b3-85ba-ee879ad1ed4f', 'Field "end_time" updated from "empty" to "18:00"', '2025-11-30 00:06:51.71725+00'),
('91e91c09-0748-4fd3-8392-4c23f6a369fb', 'event', '2612ec4c-453b-4397-95a6-fcff0a09a4aa', 'updated', 'start_date', '2025-12-12', '2025-12-19', '8ca9f4e0-8dc0-42b3-85ba-ee879ad1ed4f', 'Field "start_date" updated from "2025-12-12" to "2025-12-19"', '2025-11-30 00:17:09.302681+00'),
('f71a4bd1-f264-486c-8b40-47a52a0ee4e8', 'event', '2612ec4c-453b-4397-95a6-fcff0a09a4aa', 'updated', 'end_date', '2025-12-13', '2025-12-21', '8ca9f4e0-8dc0-42b3-85ba-ee879ad1ed4f', 'Field "end_date" updated from "2025-12-13" to "2025-12-21"', '2025-11-30 00:17:23.483565+00'),
('4cf09802-5136-4e86-a709-c1cd7893a43b', 'event', '2612ec4c-453b-4397-95a6-fcff0a09a4aa', 'updated', 'budget', NULL, '5000', '8ca9f4e0-8dc0-42b3-85ba-ee879ad1ed4f', 'Field "budget" updated from "empty" to "5000"', '2025-11-30 00:18:20.835337+00'),
('a2557ed6-9cd1-4f8a-a344-0a894b6b2712', 'event', 'ecb34792-6ae6-4c96-ba91-e5e22cf2999a', 'updated', 'end_date', NULL, '0002-12-31', '8ca9f4e0-8dc0-42b3-85ba-ee879ad1ed4f', 'Field "end_date" updated from "empty" to "0002-12-31"', '2025-11-30 02:07:02.116975+00'),
('5f5e36ed-b2cb-446c-aa6c-f96edd455ca4', 'event', 'ecb34792-6ae6-4c96-ba91-e5e22cf2999a', 'updated', 'end_date', '0002-12-31', '0020-12-31', '8ca9f4e0-8dc0-42b3-85ba-ee879ad1ed4f', 'Field "end_date" updated from "0002-12-31" to "0020-12-31"', '2025-11-30 02:07:02.507368+00'),
('fa4d10b2-2d49-48e5-a087-3e3b6a864b9d', 'event', 'ecb34792-6ae6-4c96-ba91-e5e22cf2999a', 'updated', 'end_date', '0020-12-31', '0202-12-31', '8ca9f4e0-8dc0-42b3-85ba-ee879ad1ed4f', 'Field "end_date" updated from "0020-12-31" to "0202-12-31"', '2025-11-30 02:07:03.822228+00'),
('467352cd-a299-4d61-ba03-d4d378b61e82', 'event', 'ecb34792-6ae6-4c96-ba91-e5e22cf2999a', 'updated', 'end_date', '0202-12-31', '2025-12-31', '8ca9f4e0-8dc0-42b3-85ba-ee879ad1ed4f', 'Field "end_date" updated from "0202-12-31" to "2025-12-31"', '2025-11-30 02:07:04.927568+00'),
('f81ff526-a9a1-4cd5-ace8-7e1eac1a0d03', 'event', 'ecb34792-6ae6-4c96-ba91-e5e22cf2999a', 'updated', 'start_date', '2025-12-31', '2025-12-30', '8ca9f4e0-8dc0-42b3-85ba-ee879ad1ed4f', 'Field "start_date" updated from "2025-12-31" to "2025-12-30"', '2025-11-30 02:07:20.097348+00'),
('26b8fa23-0eb2-446b-8da1-bf1346dadc9f', 'event', 'ecb34792-6ae6-4c96-ba91-e5e22cf2999a', 'updated', 'start_time', NULL, '18:00', '8ca9f4e0-8dc0-42b3-85ba-ee879ad1ed4f', 'Field "start_time" updated from "empty" to "18:00"', '2025-11-30 02:08:42.128372+00'),
('c1a01b66-9099-41bf-8d65-d126485f1ac8', 'event', 'ecb34792-6ae6-4c96-ba91-e5e22cf2999a', 'updated', 'end_time', NULL, '23:00', '8ca9f4e0-8dc0-42b3-85ba-ee879ad1ed4f', 'Field "end_time" updated from "empty" to "23:00"', '2025-11-30 02:09:13.051852+00'),
('a97b05dd-dd7d-43e1-b9b4-d083663655e8', 'event', 'ecb34792-6ae6-4c96-ba91-e5e22cf2999a', 'updated', 'end_time', '23:00', '11:00', '8ca9f4e0-8dc0-42b3-85ba-ee879ad1ed4f', 'Field "end_time" updated from "23:00" to "11:00"', '2025-11-30 02:09:18.927532+00'),
('6d5bb82d-81c4-4dba-8f54-5285736621bf', 'event', 'ecb34792-6ae6-4c96-ba91-e5e22cf2999a', 'updated', 'end_time', '11:00', '23:00', '8ca9f4e0-8dc0-42b3-85ba-ee879ad1ed4f', 'Field "end_time" updated from "11:00" to "23:00"', '2025-11-30 02:09:20.443383+00'),
('ac993dec-5503-4fda-bb1a-b6da21157d32', 'event', 'ecb34792-6ae6-4c96-ba91-e5e22cf2999a', 'updated', 'end_time', '23:00', '11:00', '8ca9f4e0-8dc0-42b3-85ba-ee879ad1ed4f', 'Field "end_time" updated from "23:00" to "11:00"', '2025-11-30 02:09:22.691667+00'),
('afe23e63-209a-4c97-8506-91052a46742d', 'task', 'ef5709da-84f2-4a15-a5a9-8c0d4f50a054', 'created', NULL, NULL, NULL, '8ca9f4e0-8dc0-42b3-85ba-ee879ad1ed4f', 'Task "Venue" created with priority medium', '2025-11-30 02:18:51.980009+00'),
('f2439878-befd-4526-bbef-84ce5067ce97', 'task', 'ef5709da-84f2-4a15-a5a9-8c0d4f50a054', 'created', NULL, NULL, NULL, '8ca9f4e0-8dc0-42b3-85ba-ee879ad1ed4f', 'Created task: Venue', '2025-11-30 02:18:52.177899+00');

INSERT INTO "public".collaborator_configurations (id, team_id, role, collaborator_types, is_coordinator, is_viewer, assigned_user_id, notes, created_at, updated_at) VALUES
('01593fab-53bd-41f4-bd1b-b24e041f934a', 'f24f100a-d756-45dd-a983-131f138670dd', 'organizer', '{Bookings,Venue,"Vendor Service Rental/Buy",Hospitality,"Service Vendor",Transportation,Entertainment,Suppliers}', 'f', 'f', NULL, NULL, '2025-10-06 23:30:44.040155+00', '2025-10-06 23:30:44.040155+00'),
('7357b84c-01bd-4d9b-8262-bbc86d067d14', 'f24f100a-d756-45dd-a983-131f138670dd', 'organizer', '{Bookings,Venue,"Vendor Service Rental/Buy",Hospitality,"Service Vendor",Transportation,Entertainment,Suppliers}', 'f', 'f', NULL, NULL, '2025-10-06 23:36:23.798721+00', '2025-10-06 23:36:23.798721+00'),
('c185957c-e767-453c-ac7e-f186343a76b6', 'f24f100a-d756-45dd-a983-131f138670dd', 'organizer', '{Bookings,Venue,"Vendor Service Rental/Buy",Hospitality,"Service Vendor",Transportation,Entertainment,Suppliers}', 'f', 'f', NULL, NULL, '2025-10-06 23:43:18.831443+00', '2025-10-06 23:43:18.831443+00'),
('2f6da7a6-47b7-4cc0-930f-357de4e63979', 'f24f100a-d756-45dd-a983-131f138670dd', 'organizer', '{Bookings,Venue,"Vendor Service Rental/Buy",Hospitality,"Service Vendor",Transportation,Entertainment,Suppliers}', 'f', 'f', NULL, NULL, '2025-10-06 23:47:30.784602+00', '2025-10-06 23:47:30.784602+00'),
('35ec9ad6-be38-4d4f-9e5f-ecb49d8c2acf', 'f24f100a-d756-45dd-a983-131f138670dd', 'organizer', '{Bookings}', 'f', 'f', NULL, NULL, '2025-10-06 23:50:53.994687+00', '2025-10-06 23:50:53.994687+00'),
('954b24d1-4e6e-498c-809e-6ab5812430a8', 'e853ef8a-c886-444b-b7db-7359118b58a8', 'admin', '{Bookings,Venue,"Vendor Service Rental/Buy",Hospitality,"Service Vendor",Transportation,Entertainment,Suppliers}', 'f', 'f', NULL, NULL, '2025-10-07 00:09:00.802393+00', '2025-10-07 00:09:00.802393+00'),
('1467028c-def4-4aef-8e71-6294c97ee871', 'e853ef8a-c886-444b-b7db-7359118b58a8', 'admin', '{Bookings,Venue,"Vendor Service Rental/Buy",Hospitality,"Service Vendor",Transportation,Entertainment,Suppliers}', 'f', 'f', NULL, NULL, '2025-10-07 00:10:47.825031+00', '2025-10-07 00:10:47.825031+00');

INSERT INTO "public".entertainment_types (id, name, created_at, updated_at) VALUES
('2', 'DJ Music', '2025-09-27 16:41:07.519216+00', '2025-09-27 16:41:07.519216+00'),
('3', 'Performer', '2025-09-27 16:41:13.118756+00', '2025-09-27 16:41:13.118756+00'),
('4', 'Standup Comic', '2025-09-27 16:41:20.734956+00', '2025-09-27 16:41:20.734956+00'),
('1', 'Musician', '2025-09-27 16:41:00.295277+00', '2025-09-27 16:41:27.425816+00'),
('6', 'Stage Production', '2025-09-27 16:41:42.13997+00', '2025-09-27 16:41:42.13997+00'),
('7', 'Other', '2025-09-27 16:41:48.443381+00', '2025-09-27 16:41:48.443381+00'),
('5', 'Singer', '2025-09-27 16:41:34.143149+00', '2025-10-01 03:52:53.936546+00'),
('8', 'Musical Group', '2025-10-01 03:53:15.747656+00', '2025-10-01 03:53:15.747656+00'),
('9', 'Choir', '2025-10-01 03:53:30.568376+00', '2025-10-01 03:53:30.568376+00'),
('10', 'Band', '2025-10-01 03:53:40.539667+00', '2025-10-01 03:53:40.539667+00'),
('11', 'Concert', '2025-10-01 03:53:54.636226+00', '2025-10-01 03:53:54.636226+00'),
('12', 'Production', '2025-10-01 03:54:06.742891+00', '2025-10-01 03:54:06.742891+00');

INSERT INTO "public".entertainments (id, business_name, contact_name, email, phone_number, city, state, zip, ent_type_id, created_at, updated_at, price, description) VALUES
('beb4ae31-7e03-4872-ba39-4de68ebb508b', 'Maryland Music Studios', 'Michael Henderson', 'michael@marylandmusic.com', '410-555-0101', 'Baltimore', 'MD', '21201', '1', '2025-10-05 01:37:52.087263+00', '2025-10-05 01:37:52.087263+00', '850', 'Professional musicians for weddings, corporate events, and private parties'),
('5fa89304-9dc1-43ee-bba8-e59b974d6232', 'Capital City Musicians', 'Sarah Martinez', 'sarah@capitalcitymusic.com', '301-555-0102', 'Rockville', 'MD', '20850', '1', '2025-10-05 01:37:52.087263+00', '2025-10-05 01:37:52.087263+00', '950', 'Versatile musicians specializing in classical, jazz, and contemporary music'),
('17656ebe-7dc8-4eb5-a3db-14e2ca5016ee', 'Premier DJ Services', 'Jason Thompson', 'jason@premierdjmd.com', '443-555-0201', 'Columbia', 'MD', '21044', '2', '2025-10-05 01:37:52.087263+00', '2025-10-05 01:37:52.087263+00', '675', 'Professional DJ services for all occasions with state-of-the-art equipment'),
('ceb8bce2-d80b-471c-ba30-9c54786f045d', 'Elite Entertainment DJs', 'Marcus Johnson', 'marcus@elitedjmd.com', '240-555-0202', 'Gaithersburg', 'MD', '20877', '2', '2025-10-05 01:37:52.087263+00', '2025-10-05 01:37:52.087263+00', '725', 'Top-rated DJ entertainment with extensive music library and lighting'),
('648cd987-e2d5-4812-82f9-fdbccbb0a7de', 'Maryland Performance Arts', 'Emily Chen', 'emily@mdperformance.com', '410-555-0301', 'Annapolis', 'MD', '21401', '3', '2025-10-05 01:37:52.087263+00', '2025-10-05 01:37:52.087263+00', '1200', 'Professional performers including dancers, acrobats, and specialty acts'),
('a9ef5189-5ded-4ca5-bb9c-8931510fbbfd', 'Stage Stars Entertainment', 'David Wilson', 'david@stagestarsmd.com', '301-555-0302', 'Silver Spring', 'MD', '20901', '3', '2025-10-05 01:37:52.087263+00', '2025-10-05 01:37:52.087263+00', '1350', 'Award-winning performers for corporate and private events'),
('8c6c6460-bf83-40aa-9d1c-96d7d92fa917', 'Chesapeake Comedy', 'Robert Garcia', 'robert@chesapeakecomedy.com', '443-555-0401', 'Baltimore', 'MD', '21202', '4', '2025-10-05 01:37:52.087263+00', '2025-10-05 01:37:52.087263+00', '800', 'Professional standup comedians for corporate events and private parties'),
('d2a07394-7966-4d6a-9609-f44f1c1b99e7', 'Laugh Factory Maryland', 'Jennifer Davis', 'jennifer@laughfactorymd.com', '240-555-0402', 'Bethesda', 'MD', '20814', '4', '2025-10-05 01:37:52.087263+00', '2025-10-05 01:37:52.087263+00', '900', 'Clean comedy entertainment for all audiences and events'),
('9bcba9dc-0486-4554-9f8b-376b704ef6a2', 'Charm City Vocals', 'Amanda Rodriguez', 'amanda@charmcityvocals.com', '410-555-0501', 'Baltimore', 'MD', '21224', '5', '2025-10-05 01:37:52.087263+00', '2025-10-05 01:37:52.087263+00', '750', 'Professional vocalists specializing in jazz, pop, and R&B'),
('0942e8f3-7240-4409-b31f-a0207d026441', 'Maryland Solo Artists', 'Christopher Lee', 'chris@mdsoloartists.com', '301-555-0502', 'Frederick', 'MD', '21701', '5', '2025-10-05 01:37:52.087263+00', '2025-10-05 01:37:52.087263+00', '825', 'Talented solo singers for weddings, galas, and special events'),
('0acbb3b9-7996-4bdb-84bd-36d7512d13ec', 'Premier Stage Productions', 'Victoria Brown', 'victoria@premierstagemd.com', '443-555-0601', 'Columbia', 'MD', '21045', '6', '2025-10-05 01:37:52.087263+00', '2025-10-05 01:37:52.087263+00', '2500', 'Full-service stage production including sound, lighting, and technical support'),
('5a3b687a-9162-41ac-9845-82fc629aa2b9', 'All Stage Sound', 'Thomas Reynolds', 'info@allstage.com', '1-888-255-7824', 'Laytonsville', 'MD', '20882', '6', '2025-09-27 16:43:51.119477+00', '2025-10-05 01:37:52.087263+00', '2800', 'Professional stage sound and production equipment for events of all sizes'),
('21853005-1620-4582-baf1-66076c780e67', 'Unique Entertainment MD', 'Kevin Anderson', 'kevin@uniqueentmd.com', '410-555-0701', 'Towson', 'MD', '21204', '7', '2025-10-05 01:37:52.087263+00', '2025-10-05 01:37:52.087263+00', '1100', 'Specialty entertainment including magicians, mentalists, and unique acts'),
('5303e803-1545-424f-9b23-9f0957320d6e', 'Creative Events Entertainment', 'Lisa White', 'lisa@creativeeventsmd.com', '240-555-0702', 'Germantown', 'MD', '20874', '7', '2025-10-05 01:37:52.087263+00', '2025-10-05 01:37:52.087263+00', '1250', 'Innovative entertainment options for memorable events'),
('225ddb5f-3043-4a00-8ae4-a1cedf1401f0', 'Maryland Ensembles', 'Thomas Miller', 'thomas@mdensembles.com', '301-555-0801', 'Rockville', 'MD', '20852', '8', '2025-10-05 01:37:52.087263+00', '2025-10-05 01:37:52.087263+00', '1400', 'Professional musical ensembles from duos to quartets'),
('d787cb7e-bfcd-4bbd-b940-fe528363eaeb', 'Bay Area Musicians', 'Patricia Taylor', 'patricia@bayareamusicians.com', '410-555-0802', 'Annapolis', 'MD', '21403', '8', '2025-10-05 01:37:52.087263+00', '2025-10-05 01:37:52.087263+00', '1550', 'Versatile musical groups for all types of events'),
('d98e01bb-8180-4bbe-983a-fed0176477b6', 'Chesapeake Choral Society', 'Margaret Wilson', 'margaret@chesapeakechoral.com', '443-555-0901', 'Baltimore', 'MD', '21218', '9', '2025-10-05 01:37:52.087263+00', '2025-10-05 01:37:52.087263+00', '1800', 'Professional choir for weddings, ceremonies, and special events'),
('5f8953e7-301c-42da-9f27-746479fc125c', 'Maryland Vocal Ensemble', 'Richard Moore', 'richard@mdvocalensemble.com', '301-555-0902', 'College Park', 'MD', '20740', '9', '2025-10-05 01:37:52.087263+00', '2025-10-05 01:37:52.087263+00', '1900', 'Award-winning choir specializing in classical and contemporary music'),
('4cd69f6e-5feb-4999-88ec-40d76dd72306', 'Capital City Band', 'Daniel Jackson', 'daniel@capitalcityband.com', '240-555-1001', 'Gaithersburg', 'MD', '20878', '10', '2025-10-05 01:37:52.087263+00', '2025-10-05 01:37:52.087263+00', '2200', 'Full band entertainment for weddings, corporate events, and festivals'),
('e67a24c5-10fd-4033-84cb-44806417f063', 'Maryland Live Music', 'Susan Martinez', 'susan@mdlivemusic.com', '410-555-1002', 'Baltimore', 'MD', '21231', '10', '2025-10-05 01:37:52.087263+00', '2025-10-05 01:37:52.087263+00', '2400', 'Professional bands covering all genres and decades'),
('dd95d720-5bf3-4dc6-89fd-9a71c79e8128', 'Concert Productions MD', 'James Thompson', 'james@concertpromd.com', '301-555-1101', 'Silver Spring', 'MD', '20902', '11', '2025-10-05 01:37:52.087263+00', '2025-10-05 01:37:52.087263+00', '3500', 'Full concert production services for large-scale events'),
('b973caee-0b36-4d08-aadc-d99309e96812', 'Premier Concert Services', 'Michelle Garcia', 'michelle@premierconcertmd.com', '443-555-1102', 'Columbia', 'MD', '21046', '11', '2025-10-05 01:37:52.087263+00', '2025-10-05 01:37:52.087263+00', '3800', 'Professional concert coordination and entertainment booking'),
('25348011-960c-45fd-a2de-df73793d0151', 'Complete Productions MD', 'Andrew Davis', 'andrew@completepromd.com', '410-555-1201', 'Annapolis', 'MD', '21404', '12', '2025-10-05 01:37:52.087263+00', '2025-10-05 01:37:52.087263+00', '3200', 'Full-service event production including entertainment coordination'),
('8741255b-2afe-48a8-80e3-7f8e4f471915', 'Elite Production Services', 'Katherine Brown', 'katherine@eliteproductionmd.com', '240-555-1202', 'Bethesda', 'MD', '20815', '12', '2025-10-05 01:37:52.087263+00', '2025-10-05 01:37:52.087263+00', '3400', 'Comprehensive production services for corporate and private events');

INSERT INTO "public".event_themes (name, created_at, description, tags, premium, id) VALUES
('Meetup', '2025-09-18 13:25:03.819868+00', NULL, '{Community,Inclusive}', 'f', '1'),
('Wedding', '2025-09-18 13:25:54.591359+00', 'Elegant celebrations of love and commitment', '{Party,Ceremony}', 't', '6'),
('Special Event', '2025-09-18 13:25:35.189046+00', NULL, '{Fundraiser,Conference,Charity}', 't', '10'),
('Health and Wellness', '2025-09-18 13:22:20.162827+00', 'Perfect for wellness retreats, health seminars, and holistic gatherings', '{Peaceful,Spiritual,Rejuvenating,Holistic}', 'f', '8'),
('Reunion', '2025-09-18 13:25:25.267225+00', NULL, '{Family,School}', 't', '9'),
('Sporting', '2025-09-18 13:25:43.624269+00', NULL, '{Skiing,Marathon,Biking}', 't', '5'),
('Retreat', '2025-09-18 13:25:15.722254+00', 'Perfect for Wellness Retreats, Health Seminars, and Holistic Gatherings', '{Wellness,Mindful,Rejuvenating,Holistic}', 't', '2'),
('Marketplace', '2025-09-18 13:24:21.754699+00', NULL, '{Artisans,Food,Vendors,Vintage}', 'f', '11'),
('Celebration', '2025-10-03 20:55:06.877796+00', 'Holidays and Personal', '{Holidays,Personal}', 'f', '3'),
('Festival', '2025-09-18 13:23:28.933533+00', 'Large-scale entertainment and cultural events', '{Cultural,Community}', 'f', '4'),
('Dining', '2025-09-18 13:23:19.638157+00', NULL, '{Contemporary,Buffet,"Fine Dining"}', 'f', '7');

INSERT INTO "public".event_types (name, theme_id, created_at, id, parent_id) VALUES
('Community', '1', '2025-10-04 00:09:16.126374+00', '302', NULL),
('Block Party', '1', '2025-10-04 00:09:16.126374+00', '303', '302'),
('Book Club Gathering', '1', '2025-10-04 00:09:16.126374+00', '304', '302'),
('Community Cleanup Event', '1', '2025-10-04 00:09:16.126374+00', '305', '302'),
('Cultural', '4', '2025-09-18 13:41:56.024959+00', '8', NULL),
('Community', '4', '2025-09-18 13:42:06.807344+00', '9', NULL),
('Holiday Market', '11', '2025-09-18 13:42:39.684881+00', '10', NULL),
('Pop-up Market', '11', '2025-09-18 13:43:13.362297+00', '11', NULL),
('Social Meetup', '1', '2025-09-18 13:44:17.262242+00', '12', NULL),
('Professional Group', '1', '2025-09-18 13:44:42.007978+00', '13', NULL),
('Community Group', '1', '2025-09-18 13:44:54.805306+00', '14', NULL),
('Community Garden Meeting', '1', '2025-10-04 00:09:16.126374+00', '306', '302'),
('Community Potluck', '1', '2025-10-04 00:09:16.126374+00', '307', '302'),
('Spiritual Retreat', '2', '2025-09-18 13:45:50.860826+00', '17', NULL),
('School Reunion', '9', '2025-09-18 13:47:05.001995+00', '19', NULL),
('Family Reunion', '9', '2025-09-18 13:46:37.275004+00', '20', NULL),
('Awards Ceremony', '10', '2025-09-18 13:47:36.291676+00', '21', NULL),
('Product Launch', '10', '2025-09-18 13:47:50.815993+00', '22', NULL),
('Charity Gala', '10', '2025-09-18 13:48:04.882571+00', '23', NULL),
('Conference', '10', '2025-09-18 13:48:31.525901+00', '24', NULL),
('Fundraiser', '10', '2025-09-18 13:48:19.261667+00', '25', NULL),
('Basketball Fundraiser', '10', '2025-09-18 13:49:05.039919+00', '27', NULL),
('Seminar', '10', '2025-09-18 13:48:43.544203+00', '28', NULL),
('Football Fundraiser', '10', '2025-09-18 13:49:37.783048+00', '29', NULL),
('Skiing', '5', '2025-09-18 13:49:58.297136+00', '30', NULL),
('5K Marathon', '5', '2025-09-18 13:50:09.549642+00', '31', NULL),
('Biking', '5', '2025-09-18 13:50:17.027675+00', '32', NULL),
('Bachelor Party', '6', '2025-09-18 13:51:44.328844+00', '33', NULL),
('Bridal Shower', '6', '2025-09-18 13:51:30.416633+00', '34', NULL),
('Ceremony', '6', '2025-09-18 13:50:46.911539+00', '35', NULL),
('Rehearsal Dinner', '6', '2025-09-18 13:51:02.386742+00', '36', NULL),
('Farmers Market Meetup', '1', '2025-10-04 00:09:16.126374+00', '308', '302'),
('Team Building', '2', '2025-09-24 19:08:27.995704+00', '37', NULL),
('Homeowners Association Meeting', '1', '2025-10-04 00:09:16.126374+00', '309', '302'),
('Motivational Retreat', '2', '2025-09-18 13:46:05.902824+00', '18', NULL),
('Buffet', '7', '2025-09-30 19:38:36.004993+00', '39', NULL),
('Health & Wellness', '8', '2025-09-18 13:45:36.256638+00', '16', NULL),
('Local Business Networking', '1', '2025-10-04 00:09:16.126374+00', '310', '302'),
('Neighborhood BBQ', '1', '2025-10-04 00:09:16.126374+00', '311', '302'),
('Professional', '10', '2025-09-18 13:49:20.981451+00', '26', NULL),
('Informative', '10', '2025-10-01 05:04:10.766919+00', '41', NULL),
('Motivational', '10', '2025-10-01 05:04:28.439958+00', '42', NULL),
('Networking', '10', '2025-10-01 05:04:43.575377+00', '43', NULL),
('Neighborhood Watch Meeting', '1', '2025-10-04 00:09:16.126374+00', '312', '302'),
('Parent Teacher Association', '1', '2025-10-04 00:09:16.126374+00', '313', '302'),
('Pet Owners Meetup', '1', '2025-10-04 00:09:16.126374+00', '314', '302'),
('Public Forum', '1', '2025-10-04 00:09:16.126374+00', '315', '302'),
('School Board Meeting', '1', '2025-10-04 00:09:16.126374+00', '316', '302'),
('Support Group', '2', '2025-09-18 13:45:05.75096+00', '15', NULL),
('Fitness', '8', '2025-10-01 19:01:04.039055+00', '45', NULL),
('Senior Citizens Social', '1', '2025-10-04 00:09:16.126374+00', '317', '302'),
('Rejuvenate', '8', '2025-10-01 19:01:59.639443+00', '46', NULL),
('Holidays', '3', '2025-09-18 13:36:17.457869+00', '2', NULL),
('Personal', '3', '2025-09-18 13:36:30.451583+00', '3', NULL),
('Baby Shower', '3', '2025-09-18 13:35:00.995014+00', '1', '3'),
('Anniversary', '3', '2025-10-03 01:10:46.248354+00', '47', '3'),
('Birthday', '3', '2025-10-03 01:10:46.248354+00', '48', '3'),
('Barmitzvah', '3', '2025-10-03 01:10:46.248354+00', '49', '3'),
('Batmitzvah', '3', '2025-10-03 01:10:46.248354+00', '50', '3'),
('Engagement Party', '3', '2025-10-03 01:10:46.248354+00', '51', '3'),
('Family Reunion', '3', '2025-10-03 01:10:46.248354+00', '52', '3'),
('Gender Reveal', '3', '2025-10-03 01:10:46.248354+00', '53', '3'),
('Graduation Party', '3', '2025-10-03 01:10:46.248354+00', '54', '3'),
('Retirement Party', '3', '2025-10-03 01:10:46.248354+00', '55', '3'),
('Party', '3', '2025-10-03 19:16:51.863593+00', '56', '3'),
('New Year''s Day', '3', '2025-10-03 19:28:42.458434+00', '57', '2'),
('Martin Luther King Jr. Day', '3', '2025-10-03 19:28:42.458434+00', '58', '2'),
('Presidents'' Day', '3', '2025-10-03 19:28:42.458434+00', '59', '2'),
('Memorial Day', '3', '2025-10-03 19:28:42.458434+00', '60', '2'),
('Independence Day', '3', '2025-10-03 19:28:42.458434+00', '61', '2'),
('Labor Day', '3', '2025-10-03 19:28:42.458434+00', '62', '2'),
('Thanksgiving', '3', '2025-10-03 19:28:42.458434+00', '63', '2'),
('Christmas', '3', '2025-10-03 19:28:42.458434+00', '64', '2'),
('Easter', '3', '2025-10-03 19:28:42.458434+00', '65', '2'),
('Halloween', '3', '2025-10-03 19:28:42.458434+00', '66', '2'),
('Valentine''s Day', '3', '2025-10-03 19:28:42.458434+00', '67', '2'),
('African American', '4', '2025-10-03 20:29:49.846806+00', '68', '8'),
('Asian American', '4', '2025-10-03 20:29:49.846806+00', '69', '8'),
('Caribbean American', '4', '2025-10-03 20:29:49.846806+00', '70', '8'),
('Eastern European American', '4', '2025-10-03 20:29:49.846806+00', '71', '8'),
('Hispanic/Latino American', '4', '2025-10-03 20:29:49.846806+00', '72', '8'),
('Irish American', '4', '2025-10-03 20:29:49.846806+00', '73', '8'),
('Italian American', '4', '2025-10-03 20:29:49.846806+00', '74', '8'),
('Jewish American', '4', '2025-10-03 20:29:49.846806+00', '75', '8'),
('Middle Eastern American', '4', '2025-10-03 20:29:49.846806+00', '76', '8'),
('Native American/Indigenous', '4', '2025-10-03 20:29:49.846806+00', '77', '8'),
('Pacific Islander American', '4', '2025-10-03 20:29:49.846806+00', '78', '8'),
('Polish American', '4', '2025-10-03 20:29:49.846806+00', '79', '8'),
('Scandinavian American', '4', '2025-10-03 20:29:49.846806+00', '80', '8'),
('Scottish American', '4', '2025-10-03 20:29:49.846806+00', '81', '8'),
('South Asian American', '4', '2025-10-03 20:29:49.846806+00', '82', '8'),
('Alumni Association', '4', '2025-10-03 20:41:50.783854+00', '83', '9'),
('Book Club', '4', '2025-10-03 20:41:50.783854+00', '84', '9'),
('Chamber of Commerce', '4', '2025-10-03 20:41:50.783854+00', '85', '9'),
('Civic Organization', '4', '2025-10-03 20:41:50.783854+00', '86', '9'),
('Community Center', '4', '2025-10-03 20:41:50.783854+00', '87', '9'),
('Faith Community', '4', '2025-10-03 20:41:50.783854+00', '88', '9'),
('Homeowners Association', '4', '2025-10-03 20:41:50.783854+00', '89', '9'),
('Labor Union', '4', '2025-10-03 20:41:50.783854+00', '90', '9'),
('Neighborhood Association', '4', '2025-10-03 20:41:50.783854+00', '91', '9');

INSERT INTO "public".event_types (name, theme_id, created_at, id, parent_id) VALUES
('Parent-Teacher Association', '4', '2025-10-03 20:41:50.783854+00', '92', '9'),
('Professional Association', '4', '2025-10-03 20:41:50.783854+00', '93', '9'),
('Rotary Club', '4', '2025-10-03 20:41:50.783854+00', '94', '9'),
('Service Club', '4', '2025-10-03 20:41:50.783854+00', '95', '9'),
('Social Club', '4', '2025-10-03 20:41:50.783854+00', '96', '9'),
('Veterans Organization', '4', '2025-10-03 20:41:50.783854+00', '97', '9'),
('Town Hall Meeting', '1', '2025-10-04 00:09:16.126374+00', '318', '302'),
('Volunteer Coordination', '1', '2025-10-04 00:09:16.126374+00', '319', '302'),
('Youth Group Gathering', '1', '2025-10-04 00:09:16.126374+00', '320', '302'),
('Volunteer Group', '4', '2025-10-03 20:41:50.783854+00', '98', '9'),
('Youth Group', '4', '2025-10-03 20:41:50.783854+00', '99', '9'),
('Artisans', '11', '2025-10-03 21:21:26.580166+00', '100', NULL),
('Blacksmith', '11', '2025-10-03 21:21:26.580166+00', '101', '100'),
('Candle Maker', '11', '2025-10-03 21:21:26.580166+00', '102', '100'),
('Carpenter', '11', '2025-10-03 21:21:26.580166+00', '103', '100'),
('Ceramic Artist', '11', '2025-10-03 21:21:26.580166+00', '104', '100'),
('Fiber Artist', '11', '2025-10-03 21:21:26.580166+00', '105', '100'),
('Glassblower', '11', '2025-10-03 21:21:26.580166+00', '106', '100'),
('Jeweler', '11', '2025-10-03 21:21:26.580166+00', '107', '100'),
('Leather Crafter', '11', '2025-10-03 21:21:26.580166+00', '108', '100'),
('Metalworker', '11', '2025-10-03 21:21:26.580166+00', '109', '100'),
('Painter', '11', '2025-10-03 21:21:26.580166+00', '110', '100'),
('Potter', '11', '2025-10-03 21:21:26.580166+00', '111', '100'),
('Printmaker', '11', '2025-10-03 21:21:26.580166+00', '112', '100'),
('Sculptor', '11', '2025-10-03 21:21:26.580166+00', '113', '100'),
('Soap Maker', '11', '2025-10-03 21:21:26.580166+00', '114', '100'),
('Textile Artist', '11', '2025-10-03 21:21:26.580166+00', '115', '100'),
('Woodworker', '11', '2025-10-03 21:21:26.580166+00', '116', '100'),
('Food', '11', '2025-10-03 21:28:32.67731+00', '117', NULL),
('Bakery', NULL, '2025-10-03 21:28:32.67731+00', '118', '117'),
('BBQ/Grill', NULL, '2025-10-03 21:28:32.67731+00', '119', '117'),
('Beverage Bar', NULL, '2025-10-03 21:28:32.67731+00', '120', '117'),
('Catering Service', NULL, '2025-10-03 21:28:32.67731+00', '121', '117'),
('Coffee/Tea Shop', NULL, '2025-10-03 21:28:32.67731+00', '122', '117'),
('Confectionery', NULL, '2025-10-03 21:28:32.67731+00', '123', '117'),
('Deli', NULL, '2025-10-03 21:28:32.67731+00', '124', '117'),
('Dessert Bar', NULL, '2025-10-03 21:28:32.67731+00', '125', '117'),
('Food Truck', NULL, '2025-10-03 21:28:32.67731+00', '126', '117'),
('Ice Cream/Gelato', NULL, '2025-10-03 21:28:32.67731+00', '127', '117'),
('Juice Bar', NULL, '2025-10-03 21:28:32.67731+00', '128', '117'),
('Pizza', NULL, '2025-10-03 21:28:32.67731+00', '129', '117'),
('Seafood', NULL, '2025-10-03 21:28:32.67731+00', '130', '117'),
('Specialty Foods', NULL, '2025-10-03 21:28:32.67731+00', '131', '117'),
('Street Food', NULL, '2025-10-03 21:28:32.67731+00', '132', '117'),
('Sushi Bar', NULL, '2025-10-03 21:28:32.67731+00', '133', '117'),
('Vendors', '11', '2025-10-03 21:33:15.818133+00', '134', NULL),
('Apparel & Accessories', NULL, '2025-10-03 21:33:15.818133+00', '135', '134'),
('Art & Craft Supplies', NULL, '2025-10-03 21:33:15.818133+00', '136', '134'),
('Books & Media', NULL, '2025-10-03 21:33:15.818133+00', '137', '134'),
('Electronics', NULL, '2025-10-03 21:33:15.818133+00', '138', '134'),
('Fitness & Sports', NULL, '2025-10-03 21:33:15.818133+00', '139', '134'),
('Flowers & Plants', NULL, '2025-10-03 21:33:15.818133+00', '140', '134'),
('Food & Beverage', NULL, '2025-10-03 21:33:15.818133+00', '141', '134'),
('Health & Beauty', NULL, '2025-10-03 21:33:15.818133+00', '142', '134'),
('Home & Garden', NULL, '2025-10-03 21:33:15.818133+00', '143', '134'),
('Jewelry & Watches', NULL, '2025-10-03 21:33:15.818133+00', '144', '134'),
('Pet Supplies', NULL, '2025-10-03 21:33:15.818133+00', '145', '134'),
('Photography', NULL, '2025-10-03 21:33:15.818133+00', '146', '134'),
('Stationery & Office', NULL, '2025-10-03 21:33:15.818133+00', '147', '134'),
('Toys & Games', NULL, '2025-10-03 21:33:15.818133+00', '148', '134'),
('Vintage & Antiques', NULL, '2025-10-03 21:33:15.818133+00', '149', '134'),
('Vintage', '11', '2025-10-03 21:37:11.123489+00', '150', NULL),
('Antique Furniture', NULL, '2025-10-03 21:37:11.123489+00', '151', '150'),
('Collectibles', NULL, '2025-10-03 21:37:11.123489+00', '152', '150'),
('Estate Items', NULL, '2025-10-03 21:37:11.123489+00', '153', '150'),
('Retro Fashion', NULL, '2025-10-03 21:37:11.123489+00', '154', '150'),
('Vintage Books', NULL, '2025-10-03 21:37:11.123489+00', '155', '150'),
('Vintage Cameras', NULL, '2025-10-03 21:37:11.123489+00', '156', '150'),
('Vintage Clothing', NULL, '2025-10-03 21:37:11.123489+00', '157', '150'),
('Vintage Décor', NULL, '2025-10-03 21:37:11.123489+00', '158', '150'),
('Vintage Electronics', NULL, '2025-10-03 21:37:11.123489+00', '159', '150'),
('Vintage Jewelry', NULL, '2025-10-03 21:37:11.123489+00', '160', '150'),
('Vintage Kitchenware', NULL, '2025-10-03 21:37:11.123489+00', '161', '150'),
('Vintage Records', NULL, '2025-10-03 21:37:11.123489+00', '162', '150'),
('Vintage Textiles', NULL, '2025-10-03 21:37:11.123489+00', '163', '150'),
('Vintage Toys', NULL, '2025-10-03 21:37:11.123489+00', '164', '150'),
('Vintage Watches', NULL, '2025-10-03 21:37:11.123489+00', '165', '150'),
('Contemporary', '7', '2025-10-03 21:57:05.982549+00', '166', NULL),
('Asian Fusion', '7', '2025-10-03 21:57:05.982549+00', '167', '166'),
('Bistro', '7', '2025-10-03 21:57:05.982549+00', '168', '166'),
('Brunch', '7', '2025-10-03 21:57:05.982549+00', '169', '166'),
('Casual Dining', '7', '2025-10-03 21:57:05.982549+00', '170', '166'),
('Comfort Food', '7', '2025-10-03 21:57:05.982549+00', '171', '166'),
('Craft Cocktail', '7', '2025-10-03 21:57:05.982549+00', '172', '166'),
('Farm-to-Table', '7', '2025-10-03 21:57:05.982549+00', '173', '166'),
('Gastropub', '7', '2025-10-03 21:57:05.982549+00', '174', '166'),
('Mediterranean', '7', '2025-10-03 21:57:05.982549+00', '175', '166'),
('Modern American', '7', '2025-10-03 21:57:05.982549+00', '176', '166'),
('New American', '7', '2025-10-03 21:57:05.982549+00', '177', '166'),
('Organic', '7', '2025-10-03 21:57:05.982549+00', '178', '166'),
('Plant-Based', '7', '2025-10-03 21:57:05.982549+00', '179', '166'),
('Seasonal Menu', '7', '2025-10-03 21:57:05.982549+00', '180', '166'),
('Small Plates', '7', '2025-10-03 21:57:05.982549+00', '181', '166'),
('Tapas', '7', '2025-10-03 21:57:05.982549+00', '182', '166'),
('Wine Bar', '7', '2025-10-03 21:57:05.982549+00', '183', '166'),
('Inclusive', '1', '2025-10-04 00:13:25.34321+00', '321', NULL),
('All-You-Can-Eat', '7', '2025-10-03 22:04:56.318713+00', '185', '39'),
('Breakfast Buffet', '7', '2025-10-03 22:04:56.318713+00', '186', '39'),
('Brunch Buffet', '7', '2025-10-03 22:04:56.318713+00', '187', '39'),
('Carving Station', '7', '2025-10-03 22:04:56.318713+00', '188', '39');

INSERT INTO "public".event_types (name, theme_id, created_at, id, parent_id) VALUES
('Dessert Buffet', '7', '2025-10-03 22:04:56.318713+00', '189', '39'),
('Dinner Buffet', '7', '2025-10-03 22:04:56.318713+00', '190', '39'),
('Hot & Cold Buffet', '7', '2025-10-03 22:04:56.318713+00', '191', '39'),
('International Buffet', '7', '2025-10-03 22:04:56.318713+00', '192', '39'),
('Lunch Buffet', '7', '2025-10-03 22:04:56.318713+00', '193', '39'),
('Salad Bar', '7', '2025-10-03 22:04:56.318713+00', '194', '39'),
('Seafood Buffet', '7', '2025-10-03 22:04:56.318713+00', '195', '39'),
('Self-Service', '7', '2025-10-03 22:04:56.318713+00', '196', '39'),
('Station Buffet', '7', '2025-10-03 22:04:56.318713+00', '197', '39'),
('Themed Buffet', '7', '2025-10-03 22:04:56.318713+00', '198', '39'),
('Fine Dining', '7', '2025-10-03 22:35:00.199825+00', '199', NULL),
('Bistro Fine Dining', '7', '2025-10-03 22:35:00.199825+00', '200', '199'),
('Contemporary Fine Dining', '7', '2025-10-03 22:35:00.199825+00', '201', '199'),
('French Cuisine', '7', '2025-10-03 22:35:00.199825+00', '202', '199'),
('Fusion Fine Dining', '7', '2025-10-03 22:35:00.199825+00', '203', '199'),
('Gourmet Dining', '7', '2025-10-03 22:35:00.199825+00', '204', '199'),
('High-End Steakhouse', '7', '2025-10-03 22:35:00.199825+00', '205', '199'),
('Italian Fine Dining', '7', '2025-10-03 22:35:00.199825+00', '206', '199'),
('Japanese Kaiseki', '7', '2025-10-03 22:35:00.199825+00', '207', '199'),
('Michelin-Star Restaurant', '7', '2025-10-03 22:35:00.199825+00', '208', '199'),
('Modern American Fine Dining', '7', '2025-10-03 22:35:00.199825+00', '209', '199'),
('Molecular Gastronomy', '7', '2025-10-03 22:35:00.199825+00', '210', '199'),
('Omakase Experience', '7', '2025-10-03 22:35:00.199825+00', '211', '199'),
('Private Chef Experience', '7', '2025-10-03 22:35:00.199825+00', '212', '199'),
('Progressive Tasting Menu', '7', '2025-10-03 22:35:00.199825+00', '213', '199'),
('Seafood Fine Dining', '7', '2025-10-03 22:35:00.199825+00', '214', '199'),
('Wine Pairing Dinner', '7', '2025-10-03 22:35:00.199825+00', '215', '199'),
('Accessible Events Workshop', '1', '2025-10-04 00:13:25.34321+00', '322', '321'),
('All Abilities Social', '1', '2025-10-04 00:13:25.34321+00', '323', '321'),
('Cultural Exchange Meetup', '1', '2025-10-04 00:13:25.34321+00', '324', '321'),
('Disability Awareness Event', '1', '2025-10-04 00:13:25.34321+00', '325', '321'),
('Diversity Celebration', '1', '2025-10-04 00:13:25.34321+00', '326', '321'),
('Gender Inclusive Gathering', '1', '2025-10-04 00:13:25.34321+00', '327', '321'),
('Inclusive Business Network', '1', '2025-10-04 00:13:25.34321+00', '328', '321'),
('Inclusive Sports Event', '1', '2025-10-04 00:13:25.34321+00', '329', '321'),
('Interfaith Dialogue', '1', '2025-10-04 00:13:25.34321+00', '330', '321'),
('LGBTQ+ Support Group', '1', '2025-10-04 00:13:25.34321+00', '331', '321'),
('Mental Health Awareness Meetup', '1', '2025-10-04 00:13:25.34321+00', '332', '321'),
('Multicultural Festival', '1', '2025-10-04 00:13:25.34321+00', '333', '321'),
('Neurodiversity Meetup', '1', '2025-10-04 00:13:25.34321+00', '334', '321'),
('Senior & Youth Connection', '1', '2025-10-04 00:13:25.34321+00', '335', '321'),
('Special Needs Family Meetup', '1', '2025-10-04 00:13:25.34321+00', '336', '321'),
('Universal Design Workshop', '1', '2025-10-04 00:13:25.34321+00', '337', '321'),
('Veterans Support Group', '1', '2025-10-04 00:13:25.34321+00', '338', '321'),
('Wheelchair Accessible Social', '1', '2025-10-04 00:13:25.34321+00', '339', '321'),
('VanLife Meetup', '1', '2025-10-04 21:05:07.674919+00', '343', '302'),
('Online Dating Meetup', '1', '2025-10-04 21:05:07.674919+00', '344', '302'),
('Peaceful', '8', '2025-10-03 23:04:53.012177+00', '216', '16'),
('Spiritual', '8', '2025-10-03 23:27:43.212444+00', '238', '16'),
('Rejuvenating', '8', '2025-10-03 23:56:52.34868+00', '260', '16'),
('Holistic', '8', '2025-10-04 00:01:02.102159+00', '281', '16'),
('Aromatherapy Session', '8', '2025-10-03 23:04:53.012177+00', '217', '216'),
('Breathwork Circle', '8', '2025-10-03 23:04:53.012177+00', '218', '216'),
('Candlelight Meditation', '8', '2025-10-03 23:04:53.012177+00', '219', '216'),
('Forest Bathing', '8', '2025-10-03 23:04:53.012177+00', '220', '216'),
('Garden Meditation', '8', '2025-10-03 23:04:53.012177+00', '221', '216'),
('Guided Relaxation', '8', '2025-10-03 23:04:53.012177+00', '222', '216'),
('Healing Circle', '8', '2025-10-03 23:04:53.012177+00', '223', '216'),
('Lakeside Retreat', '8', '2025-10-03 23:04:53.012177+00', '224', '216'),
('Massage Retreat', '8', '2025-10-03 23:04:53.012177+00', '225', '216'),
('Mindfulness Workshop', '8', '2025-10-03 23:04:53.012177+00', '226', '216'),
('Nature Walk', '8', '2025-10-03 23:04:53.012177+00', '227', '216'),
('Quiet Contemplation', '8', '2025-10-03 23:04:53.012177+00', '228', '216'),
('Reflection Retreat', '8', '2025-10-03 23:04:53.012177+00', '229', '216'),
('Restorative Yoga', '8', '2025-10-03 23:04:53.012177+00', '230', '216'),
('Silent Meditation', '8', '2025-10-03 23:04:53.012177+00', '231', '216'),
('Sound Bath', '8', '2025-10-03 23:04:53.012177+00', '232', '216'),
('Tai Chi Class', '8', '2025-10-03 23:04:53.012177+00', '233', '216'),
('Tranquility Retreat', '8', '2025-10-03 23:04:53.012177+00', '234', '216'),
('Wellness Spa Day', '8', '2025-10-03 23:04:53.012177+00', '235', '216'),
('Yoga Nidra Session', '8', '2025-10-03 23:04:53.012177+00', '236', '216'),
('Zen Garden Experience', '8', '2025-10-03 23:04:53.012177+00', '237', '216'),
('Baptism Ceremony', '8', '2025-10-03 23:27:43.212444+00', '239', '238'),
('Buddhist Meditation', '8', '2025-10-03 23:27:43.212444+00', '240', '238'),
('Chakra Balancing', '8', '2025-10-03 23:27:43.212444+00', '241', '238'),
('Christian Retreat', '8', '2025-10-03 23:27:43.212444+00', '242', '238'),
('Confirmation Service', '8', '2025-10-03 23:27:43.212444+00', '243', '238'),
('Energy Healing', '8', '2025-10-03 23:27:43.212444+00', '244', '238'),
('Faith Gathering', '8', '2025-10-03 23:27:43.212444+00', '245', '238'),
('Gospel Concert', '8', '2025-10-03 23:27:43.212444+00', '246', '238'),
('Hindu Puja', '8', '2025-10-03 23:27:43.212444+00', '247', '238'),
('Interfaith Service', '8', '2025-10-03 23:27:43.212444+00', '248', '238'),
('Jewish Shabbat', '8', '2025-10-03 23:27:43.212444+00', '249', '238'),
('Kirtan Chanting', '8', '2025-10-03 23:27:43.212444+00', '250', '238'),
('Labyrinth Walk', '8', '2025-10-03 23:27:43.212444+00', '251', '238'),
('Meditation Circle', '8', '2025-10-03 23:27:43.212444+00', '252', '238'),
('Mindful Prayer', '8', '2025-10-03 23:27:43.212444+00', '253', '238'),
('Prayer Service', '8', '2025-10-03 23:27:43.212444+00', '254', '238'),
('Reiki Session', '8', '2025-10-03 23:27:43.212444+00', '255', '238'),
('Sacred Ceremony', '8', '2025-10-03 23:27:43.212444+00', '256', '238'),
('Spiritual Workshop', '8', '2025-10-03 23:27:43.212444+00', '257', '238'),
('Vipassana Meditation', '8', '2025-10-03 23:27:43.212444+00', '258', '238'),
('Worship Service', '8', '2025-10-03 23:27:43.212444+00', '259', '238'),
('Aromatherapy Session', '8', '2025-10-03 23:56:52.34868+00', '261', '260'),
('Ayurvedic Retreat', '8', '2025-10-03 23:56:52.34868+00', '262', '260'),
('Beauty Treatment Day', '8', '2025-10-03 23:56:52.34868+00', '263', '260'),
('Body Scrub Workshop', '8', '2025-10-03 23:56:52.34868+00', '264', '260'),
('Detox Retreat', '8', '2025-10-03 23:56:52.34868+00', '265', '260'),
('Facial Treatment Session', '8', '2025-10-03 23:56:52.34868+00', '266', '260'),
('Hot Stone Massage Event', '8', '2025-10-03 23:56:52.34868+00', '267', '260');

INSERT INTO "public".event_types (name, theme_id, created_at, id, parent_id) VALUES
('Hydrotherapy Session', '8', '2025-10-03 23:56:52.34868+00', '268', '260'),
('Massage Therapy Workshop', '8', '2025-10-03 23:56:52.34868+00', '269', '260'),
('Mud Bath Experience', '8', '2025-10-03 23:56:52.34868+00', '270', '260'),
('Reflexology Session', '8', '2025-10-03 23:56:52.34868+00', '271', '260'),
('Reiki Healing Circle', '8', '2025-10-03 23:56:52.34868+00', '272', '260'),
('Salt Room Experience', '8', '2025-10-03 23:56:52.34868+00', '273', '260'),
('Sauna Gathering', '8', '2025-10-03 23:56:52.34868+00', '274', '260'),
('Spa Day Event', '8', '2025-10-03 23:56:52.34868+00', '275', '260'),
('Steam Bath Session', '8', '2025-10-03 23:56:52.34868+00', '276', '260'),
('Thai Massage Workshop', '8', '2025-10-03 23:56:52.34868+00', '277', '260'),
('Thermal Bath Experience', '8', '2025-10-03 23:56:52.34868+00', '278', '260'),
('Wellness Spa Retreat', '8', '2025-10-03 23:56:52.34868+00', '279', '260'),
('Yoga and Massage Combo', '8', '2025-10-03 23:56:52.34868+00', '280', '260'),
('Acupuncture Session', '8', '2025-10-04 00:01:02.102159+00', '282', '281'),
('Alternative Medicine Workshop', '8', '2025-10-04 00:01:02.102159+00', '283', '281'),
('Breathwork Circle', '8', '2025-10-04 00:01:02.102159+00', '284', '281'),
('Chinese Medicine Seminar', '8', '2025-10-04 00:01:02.102159+00', '285', '281'),
('Chiropractic Wellness Day', '8', '2025-10-04 00:01:02.102159+00', '286', '281'),
('Crystal Healing Session', '8', '2025-10-04 00:01:02.102159+00', '287', '281'),
('Energy Healing Workshop', '8', '2025-10-04 00:01:02.102159+00', '288', '281'),
('Functional Medicine Retreat', '8', '2025-10-04 00:01:02.102159+00', '289', '281'),
('Herbal Medicine Workshop', '8', '2025-10-04 00:01:02.102159+00', '290', '281'),
('Holistic Health Fair', '8', '2025-10-04 00:01:02.102159+00', '291', '281'),
('Holistic Nutrition Seminar', '8', '2025-10-04 00:01:02.102159+00', '292', '281'),
('Homeopathy Workshop', '8', '2025-10-04 00:01:02.102159+00', '293', '281'),
('Integrative Medicine Conference', '8', '2025-10-04 00:01:02.102159+00', '294', '281'),
('Mind-Body Connection Workshop', '8', '2025-10-04 00:01:02.102159+00', '295', '281'),
('Natural Healing Retreat', '8', '2025-10-04 00:01:02.102159+00', '296', '281'),
('Naturopathic Consultation Event', '8', '2025-10-04 00:01:02.102159+00', '297', '281'),
('Preventive Health Workshop', '8', '2025-10-04 00:01:02.102159+00', '298', '281'),
('Sound Healing Session', '8', '2025-10-04 00:01:02.102159+00', '299', '281'),
('Traditional Chinese Medicine Event', '8', '2025-10-04 00:01:02.102159+00', '300', '281'),
('Wellness Assessment Day', '8', '2025-10-04 00:01:02.102159+00', '301', '281'),
('Kwanzaa', '3', '2025-10-04 04:25:47.629852+00', '340', '3');

INSERT INTO "public".events (id, user_id, title, description, venue, start_date, end_date, budget, expected_attendees, created_at, updated_at, start_time, end_time, theme_id, type_id, status, location) VALUES
('48ae39f9-156b-43ad-a914-71c777eb42a5', 'b0d281ca-c8c8-4d6a-89fc-c9cf3afadaf2', 'Demo Event', 'My event description', 'sdfasdf', '2025-10-21', '2025-10-21', '100', NULL, '2025-10-13 22:32:06.128581+00', '2025-10-08 18:59:43.180565+00', '01:16:00', '11:20:00', '1', '13', 'in_progress', NULL),
('736d789a-07a4-4329-ad67-70c385b4e976', 'b0d281ca-c8c8-4d6a-89fc-c9cf3afadaf2', 'Event with no tags 4', NULL, 'My House', '2025-09-10', NULL, NULL, NULL, '2025-09-30 17:07:11.40879+00', '2025-10-08 23:36:53.009552+00', NULL, NULL, '2', '17', 'pending', NULL),
('303b4553-a3c6-43e2-bac1-1f77ecee1ba4', '8ca9f4e0-8dc0-42b3-85ba-ee879ad1ed4f', 'Marcia G. Lee', 'Honoring Our Family''s Matriarch', 'Space by Grace', '2025-10-17', '2025-10-19', '5000', '50', '2025-09-30 20:28:53.065218+00', '2025-11-10 23:24:42.759808+00', '12:00:00', '12:00:00', '3', '3', 'completed', 'Maryland'),
('21da94b0-7241-459c-a4b7-0f0f7228472a', 'b0d281ca-c8c8-4d6a-89fc-c9cf3afadaf2', 'Wedding', NULL, 'Church', '2025-09-25', '2025-09-26', NULL, NULL, '2025-09-18 14:06:23.084436+00', '2025-09-25 00:46:23.825578+00', '17:01:00', '20:34:00', '6', '34', 'in_progress', NULL),
('c0541534-5a1e-4fe6-9e86-d792f8a7289a', 'b0d281ca-c8c8-4d6a-89fc-c9cf3afadaf2', 'My birthday', 'Come celebrate my birthday with me!', 'My House', '2025-09-09', '2025-09-28', NULL, NULL, '2025-09-13 15:18:52.98264+00', '2025-09-25 00:53:11.919461+00', NULL, NULL, '10', '22', 'pending', NULL),
('fe615730-2750-42e1-b09b-3fe45f5e9d0d', '8ca9f4e0-8dc0-42b3-85ba-ee879ad1ed4f', 'Xmas Party', 'Dinner Party', 'Canton Waterfront Loft', '2025-12-20', NULL, '5000', '25', '2025-11-04 06:33:07.363065+00', '2025-11-11 00:01:20.774284+00', NULL, NULL, '3', '64', 'pending', NULL),
('5774e49b-54ea-49e8-95da-6239477224de', 'b0d281ca-c8c8-4d6a-89fc-c9cf3afadaf2', 'no tags event', NULL, 'My House', '2025-09-10', '2025-09-24', NULL, NULL, '2025-09-30 17:01:12.054332+00', '2025-10-01 18:31:58.653901+00', NULL, NULL, '11', '11', 'pending', NULL),
('d7b0519e-f1b0-4281-9485-ffa9cbd991da', 'b0d281ca-c8c8-4d6a-89fc-c9cf3afadaf2', 'Event with tag', NULL, 'Venue Place', '2025-08-27', '2025-10-29', '500', NULL, '2025-09-15 19:20:27.084752+00', '2025-09-27 19:19:50.973264+00', NULL, NULL, '9', '19', 'cancelled', NULL),
('2612ec4c-453b-4397-95a6-fcff0a09a4aa', '8ca9f4e0-8dc0-42b3-85ba-ee879ad1ed4f', 'Christmas on the Farm', 'Making Xmas very special others', 'Rosewood Farms', '2025-12-19', '2025-12-21', '5000', '200', '2025-11-30 00:04:13.182857+00', '2025-11-30 00:18:21.957614+00', '12:00:00', '18:00:00', '4', '98', 'pending', NULL),
('783b27c1-1cd2-4aae-b83e-efdef3f41abe', '96d713dc-3e95-44e4-9618-4314b44b37cf', 'Event with budget', NULL, 'My House', '2025-10-08', '2025-10-08', '5', NULL, '2025-10-01 17:36:27.70462+00', '2025-10-01 18:40:31.398071+00', NULL, NULL, '4', '8', 'pending', NULL),
('ecb34792-6ae6-4c96-ba91-e5e22cf2999a', '8ca9f4e0-8dc0-42b3-85ba-ee879ad1ed4f', 'Keeling Family New Years ', NULL, 'Lakeside Private Estate', '2025-12-30', '2025-12-31', '4000', '40', '2025-11-30 02:06:16.577349+00', '2025-11-30 02:09:23.78249+00', '18:00:00', '11:00:00', '3', '52', 'pending', NULL),
('c41034d2-0cee-4e77-af48-a83ae661cda6', '96d713dc-3e95-44e4-9618-4314b44b37cf', '2026 event', NULL, 'My House', '2025-12-10', '2026-01-04', NULL, NULL, '2025-10-01 21:37:56.758263+00', '2025-10-01 21:37:56.758263+00', NULL, NULL, '4', '8', 'pending', NULL),
('9cd167ad-1552-4857-9fea-6c4d3d21b4b6', 'b0d281ca-c8c8-4d6a-89fc-c9cf3afadaf2', 'My friend''s birthday', 'my bday', 'My House', '2025-09-27', '2025-09-26', '2000', '40', '2025-09-13 15:14:01.070757+00', '2025-09-24 22:40:01.820323+00', NULL, NULL, '3', '1', 'pending', NULL),
('5bf0c029-d40e-4600-9018-7e9e82ce21fe', '96d713dc-3e95-44e4-9618-4314b44b37cf', 'Event with budget 3', NULL, 'My House', '2025-10-23', '2025-10-23', '1.3', NULL, '2025-10-01 18:45:44.471824+00', '2025-10-03 22:48:58.397625+00', NULL, NULL, '7', '166', 'pending', NULL),
('cf88a739-b147-4c29-b77b-d548f5b800e1', '96d713dc-3e95-44e4-9618-4314b44b37cf', 'Organizer''s event', NULL, 'TBD', '2025-10-08', '2025-10-08', '2', NULL, '2025-10-01 17:22:20.035104+00', '2025-10-03 22:48:58.397625+00', NULL, NULL, '7', '39', 'pending', NULL),
('16eed75f-e1f3-47d2-a386-8734ee261d36', '96d713dc-3e95-44e4-9618-4314b44b37cf', 'Event with budget 2', NULL, 'My House', '2025-11-19', NULL, '3.2', NULL, '2025-10-01 18:32:53.69425+00', '2025-10-03 22:48:58.397625+00', NULL, NULL, '7', '39', 'pending', NULL);

INSERT INTO "public".hospitality_profile_amenities (id, hospitality_profile_id, amenity_type_id, created_at) VALUES
('2b86f296-facc-44d7-beca-d6f8fb9c1a45', 'ca8ecc8e-931e-46ee-9276-1865cfcc9bca', '2', '2025-09-26 18:19:11.465732+00'),
('7cae6562-957a-4c4c-b7fa-85645cd001b5', '730ce023-8d02-42b4-8392-d1709d82b703', '2', '2025-09-26 18:22:41.41959+00'),
('ee0bcd3d-e265-4083-897a-b15317d9e39d', 'ca8ecc8e-931e-46ee-9276-1865cfcc9bca', '1', '2025-09-26 18:18:57.047655+00');

INSERT INTO "public".hospitality_profiles (id, business_name, contact_name, email, phone_number, website, city, state, zip, created_at, updated_at, hospitality_type, cost, capacity, make_reservations) VALUES
('eff27da8-3948-4aa4-b1f5-a8621eeeae57', 'Marriott Baltimore Waterfront', 'Catering Sales', 'events@marriottbaltimore.com', '4107371234', NULL, 'Baltimore', 'MD', '21230', '2025-10-04 23:04:52.493694+00', '2025-10-04 23:50:24.011535+00', '1', '4500', '150', 'https://reservations.example.com'),
('e67ec50f-9928-40d9-be0d-4087bdaed139', 'Hyatt Regency Baltimore', 'Events Team', 'baltimore.regency@hyatt.com', '4105289000', NULL, 'Baltimore', 'MD', '21202', '2025-10-04 23:04:52.493694+00', '2025-10-04 23:50:24.011535+00', '1', '5000', '150', 'https://reservations.example.com'),
('b934ea4f-22af-464e-9e9f-1ee9284ff10b', 'Four Seasons Hotel Baltimore', 'Events Coordinator', 'events.baltimore@fourseasons.com', '4105768800', NULL, 'Baltimore', 'MD', '21202', '2025-10-04 23:04:52.493694+00', '2025-10-04 23:50:24.011535+00', '1', '15000', '150', 'https://reservations.example.com'),
('730ce023-8d02-42b4-8392-d1709d82b703', 'Hotel Revival', NULL, 'info@hotelrevivalbaltimore.com', '410-727-7101', 'https://hotelrevivalbaltimore.com', 'Baltimore', 'MD', '21201', '2025-09-26 18:21:31.379531+00', '2025-10-04 23:50:24.011535+00', '1', '3500', '150', 'https://reservations.example.com'),
('ca8ecc8e-931e-46ee-9276-1865cfcc9bca', 'The Ivy Hotel', NULL, 'reservation@theivybaltimore.com', '410-514-6500', 'https://www.theivybaltimore.com', 'Baltimore', 'MD', '21202', '2025-09-26 18:16:50.89848+00', '2025-10-04 23:50:24.011535+00', '1', '4500', '150', 'https://reservations.example.com'),
('6069ca65-09e1-4a89-ac0b-719ea00d4a2d', 'Sagamore Pendry Baltimore', 'Catering Sales', 'events@pendry.com', '4109990000', NULL, 'Baltimore', 'MD', '21231', '2025-10-04 23:04:52.493694+00', '2025-10-04 23:50:24.011535+00', '1', '12000', '150', 'https://reservations.example.com'),
('88f0a5e9-d54c-4d7e-8420-5b596b21269a', 'Baltimore Marriott Waterfront', 'Event Planning', 'baltimorewaterfront.events@marriott.com', '4107859400', NULL, 'Baltimore', 'MD', '21202', '2025-10-04 23:04:52.493694+00', '2025-10-04 23:50:24.011535+00', '1', '10000', '150', 'https://reservations.example.com'),
('2f0ad0a3-6ad5-4e41-abf2-113a4bf07d84', 'Baltimore Marriott Waterfront', 'Event Planning', 'baltimorewaterfront.events@marriott.com', '4107859400', NULL, 'Baltimore', 'MD', '21202', '2025-10-04 23:04:52.493694+00', '2025-10-04 23:50:24.011535+00', '3', '10000', '200', 'https://reservations.example.com'),
('5e64ae4f-ae04-4a68-b614-7400f41f05e7', 'Hotel Monaco Baltimore', 'Special Events', 'monaco.events@monaco-baltimore.com', '4109622000', NULL, 'Baltimore', 'MD', '21202', '2025-10-04 23:04:52.493694+00', '2025-10-04 23:50:24.011535+00', '1', '8500', '150', 'https://reservations.example.com'),
('6afaea88-e96f-42a5-a944-d3be809fd3ef', 'Chesapeake Bay Beach House', 'Event Manager', 'chesapeake.beach@airbnb.com', '4105551253', NULL, 'Cambridge', 'MD', '21613', '2025-10-04 23:04:52.493694+00', '2025-10-04 23:50:24.011535+00', '3', '3600', '200', 'https://reservations.example.com'),
('34b60c2c-f370-433f-abbe-eee10ffafada', 'Deep Creek Lake Estate', 'Property Services', 'deepcreek.events@airbnb.com', '3015551254', NULL, 'McHenry', 'MD', '21541', '2025-10-04 23:04:52.493694+00', '2025-10-04 23:50:24.011535+00', '3', '4000', '200', 'https://reservations.example.com'),
('818ae4e7-210d-457a-ac5e-91d7edfad070', 'Lord Baltimore Hotel', 'Sales Manager', 'events@lordbaltimorehotel.com', '4105394000', NULL, 'Baltimore', 'MD', '21201', '2025-10-04 23:04:52.493694+00', '2025-10-04 23:50:24.011535+00', '1', '7500', '150', 'https://reservations.example.com'),
('6257333e-9a2a-4b69-ad7c-6aaa24b52b90', 'Royal Sonesta Harbor Court Baltimore', 'Banquet Sales', 'harborcourt.events@sonesta.com', '4102346000', NULL, 'Baltimore', 'MD', '21202', '2025-10-04 23:04:52.493694+00', '2025-10-04 23:50:24.011535+00', '1', '11000', '150', 'https://reservations.example.com'),
('f778f45b-e841-41b7-bf18-eb610e2f93e8', 'The Westin Annapolis', 'Event Services', 'events.annapolis@westin.com', '4109722300', NULL, 'Annapolis', 'MD', '21401', '2025-10-04 23:04:52.493694+00', '2025-10-04 23:50:24.011535+00', '1', '9500', '150', 'https://reservations.example.com'),
('fbeb3294-defc-4a51-97ff-872ac21ae4b4', 'Graduate Annapolis', 'Events Team', 'events@graduatehotels.com', '4102634700', NULL, 'Annapolis', 'MD', '21401', '2025-10-04 23:04:52.493694+00', '2025-10-04 23:50:24.011535+00', '1', '7000', '150', 'https://reservations.example.com'),
('90089b1f-1339-4843-8462-7fc9dfc5c544', 'Historic Inns of Annapolis', 'Group Sales', 'events@historicinnsofannapolis.com', '4102631014', NULL, 'Annapolis', 'MD', '21401', '2025-10-04 23:04:52.493694+00', '2025-10-04 23:50:24.011535+00', '1', '6500', '150', 'https://reservations.example.com'),
('ca81c526-54ed-44c4-ae08-748b65586f88', 'Princess Royale Hotel & Conference Center', 'Conference Services', 'events@princessroyale.com', '4105207070', NULL, 'Ocean City', 'MD', '21842', '2025-10-04 23:04:52.493694+00', '2025-10-04 23:50:24.011535+00', '1', '12000', '150', 'https://reservations.example.com'),
('0ff8d490-f833-4c11-a07d-82751ff87f97', 'Hilton Ocean City Oceanfront Suites', 'Event Planning', 'oceancity.events@hilton.com', '4102894600', NULL, 'Ocean City', 'MD', '21842', '2025-10-04 23:04:52.493694+00', '2025-10-04 23:50:24.011535+00', '1', '9000', '150', 'https://reservations.example.com'),
('542dd6f4-e124-4d9b-8f9a-d1eceb9ecd7f', 'Clarion Resort Fontainebleau Hotel', 'Catering Manager', 'events@fontainebleauoc.com', '4105242300', NULL, 'Ocean City', 'MD', '21842', '2025-10-04 23:04:52.493694+00', '2025-10-04 23:50:24.011535+00', '1', '8000', '150', 'https://reservations.example.com'),
('9a927d87-2b63-42fa-bed0-1c40d9b56392', 'The Bethesdan Hotel', 'Events Coordinator', 'events@thebethesdan.com', '2406509700', NULL, 'Bethesda', 'MD', '20814', '2025-10-04 23:04:52.493694+00', '2025-10-04 23:50:24.011535+00', '1', '10500', '150', 'https://reservations.example.com'),
('00b3147c-a363-46d8-af81-52cefbb89351', 'Hyatt Regency Bethesda', 'Sales Office', 'bethesda.events@hyatt.com', '3016574500', NULL, 'Bethesda', 'MD', '20814', '2025-10-04 23:04:52.493694+00', '2025-10-04 23:50:24.011535+00', '1', '11500', '150', 'https://reservations.example.com'),
('4419fa77-c312-4d22-9891-781dcc8f4eaa', 'Gaithersburg Marriott Washingtonian Center', 'Event Sales', 'washingtonian.events@marriott.com', '3019860800', NULL, 'Gaithersburg', 'MD', '20878', '2025-10-04 23:04:52.493694+00', '2025-10-04 23:50:24.011535+00', '1', '9500', '150', 'https://reservations.example.com'),
('f580f1ac-7556-427a-b8f8-6ac93441838b', 'The Hotel at the University of Maryland', 'Event Planning', 'events@thehotelumd.com', '3018643636', NULL, 'College Park', 'MD', '20740', '2025-10-04 23:04:52.493694+00', '2025-10-04 23:50:24.011535+00', '1', '8500', '150', 'https://reservations.example.com'),
('9266b484-f0df-4d5d-bf66-a983d572de1e', 'Homewood Suites by Hilton Frederick', 'Group Sales', 'frederick.events@hilton.com', '3016318800', NULL, 'Frederick', 'MD', '21704', '2025-10-04 23:04:52.493694+00', '2025-10-04 23:50:24.011535+00', '1', '6000', '150', 'https://reservations.example.com'),
('51188049-ee8d-4c3f-8011-8604991dbb16', 'Hampton Inn & Suites Frederick-Fort Detrick', 'Event Coordinator', 'frederick.catering@hilton.com', '3016989500', NULL, 'Frederick', 'MD', '21702', '2025-10-04 23:04:52.493694+00', '2025-10-04 23:50:24.011535+00', '1', '5500', '150', 'https://reservations.example.com'),
('aa37c842-4b1c-48d5-b475-3fb349e2f1cb', 'Hyatt Regency Chesapeake Bay Golf Resort', 'Resort Events', 'chesapeakebay.events@hyatt.com', '4102211234', NULL, 'Cambridge', 'MD', '21613', '2025-10-04 23:04:52.493694+00', '2025-10-04 23:50:24.011535+00', '1', '14000', '150', 'https://reservations.example.com'),
('ba16897d-0119-4d54-91f4-f35cc30b5923', 'Fells Point Historic Townhouse', 'Property Manager', 'events.fellspoint@airbnb.com', '4105551234', NULL, 'Baltimore', 'MD', '21231', '2025-10-04 23:04:52.493694+00', '2025-10-04 23:50:24.011535+00', '3', '2500', '200', 'https://reservations.example.com'),
('e84d3ddc-2d1e-420a-a2ba-2415fd1002b1', 'Canton Waterfront Loft', 'Host Services', 'canton.events@airbnb.com', '4105551235', NULL, 'Baltimore', 'MD', '21224', '2025-10-04 23:04:52.493694+00', '2025-10-04 23:50:24.011535+00', '3', '2000', '200', 'https://reservations.example.com'),
('f9243f9a-242e-45d4-99a6-b45e8ae54ce4', 'Federal Hill Rooftop Venue', 'Event Coordinator', 'federalhill.events@airbnb.com', '4105551236', NULL, 'Baltimore', 'MD', '21230', '2025-10-04 23:04:52.493694+00', '2025-10-04 23:50:24.011535+00', '3', '3000', '200', 'https://reservations.example.com'),
('122aeab3-961b-4752-a9a6-7e49fa26b2ad', 'Mt. Vernon Mansion Event Space', 'Property Host', 'mtvernon.events@airbnb.com', '4105551237', NULL, 'Baltimore', 'MD', '21201', '2025-10-04 23:04:52.493694+00', '2025-10-04 23:50:24.011535+00', '3', '3500', '200', 'https://reservations.example.com'),
('b1f35ae6-7c84-44a3-ab95-1f1a5f6bf7f0', 'Historic District Waterfront Home', 'Annapolis Host', 'historic.annapolis@airbnb.com', '4105551238', NULL, 'Annapolis', 'MD', '21401', '2025-10-04 23:04:52.493694+00', '2025-10-04 23:50:24.011535+00', '3', '2800', '200', 'https://reservations.example.com'),
('b981e68a-5fba-4d86-baf7-0c11a24def2b', 'Eastport Harbor View Estate', 'Event Services', 'eastport.events@airbnb.com', '4105551239', NULL, 'Annapolis', 'MD', '21403', '2025-10-04 23:04:52.493694+00', '2025-10-04 23:50:24.011535+00', '3', '3200', '200', 'https://reservations.example.com'),
('cf97f3d9-67a1-4499-b191-77f22bcc2254', 'West Annapolis Garden Estate', 'Host Manager', 'westannapolis.events@airbnb.com', '4105551240', NULL, 'Annapolis', 'MD', '21401', '2025-10-04 23:04:52.493694+00', '2025-10-04 23:50:24.011535+00', '3', '2600', '200', 'https://reservations.example.com'),
('a610cf9b-6966-479d-ad39-f6b7be17fe83', 'Oceanfront Beach House', 'Property Manager', 'oceanfront.oc@airbnb.com', '4105551241', NULL, 'Ocean City', 'MD', '21842', '2025-10-04 23:04:52.493694+00', '2025-10-04 23:50:24.011535+00', '3', '4500', '200', 'https://reservations.example.com'),
('431f65ec-9eb9-4916-b106-1394a5f7449f', 'Bayside Event Villa', 'Events Coordinator', 'bayside.oc@airbnb.com', '4105551242', NULL, 'Ocean City', 'MD', '21842', '2025-10-04 23:04:52.493694+00', '2025-10-04 23:50:24.011535+00', '3', '3800', '200', 'https://reservations.example.com'),
('115e7ea7-2b09-44b1-b96a-19a6e99d1bbf', 'North OC Beachfront Estate', 'Host Services', 'northoc.events@airbnb.com', '4105551243', NULL, 'Ocean City', 'MD', '21842', '2025-10-04 23:04:52.493694+00', '2025-10-04 23:50:24.011535+00', '3', '4200', '200', 'https://reservations.example.com'),
('f5c6f705-119e-4016-8c0d-baf1a092dbc3', 'Chevy Chase Elegant Manor', 'Event Manager', 'chevychase.events@airbnb.com', '3015551245', NULL, 'Chevy Chase', 'MD', '20815', '2025-10-04 23:04:52.493694+00', '2025-10-04 23:50:24.011535+00', '3', '3100', '200', 'https://reservations.example.com'),
('ddcaae5c-7d04-4a5e-865c-d69f61083270', 'Cumberland Victorian Mansion', 'Host Coordinator', 'cumberland.victorian@airbnb.com', '3015551255', NULL, 'Cumberland', 'MD', '21502', '2025-10-04 23:04:52.493694+00', '2025-10-04 23:50:24.011535+00', '3', '2700', '200', 'https://reservations.example.com'),
('8a29927e-114f-475c-bce3-94c63e1078b5', 'Rockville Historic Estate', 'Host Coordinator', 'rockville.estate@airbnb.com', '3015551246', NULL, 'Rockville', 'MD', '20850', '2025-10-04 23:04:52.493694+00', '2025-10-04 23:50:24.011535+00', '3', '3300', '200', 'https://reservations.example.com'),
('746ac320-591c-4362-b065-40ece27ca392', 'Columbia Lakefront House', 'Property Services', 'columbia.lakefront@airbnb.com', '4105551247', NULL, 'Columbia', 'MD', '21044', '2025-10-04 23:04:52.493694+00', '2025-10-04 23:50:24.011535+00', '3', '2400', '200', 'https://reservations.example.com'),
('7b204604-f210-45bd-845e-c8cfdd203e56', 'Ellicott City Mill House', 'Event Host', 'ellicottcity.mill@airbnb.com', '4105551248', NULL, 'Ellicott City', 'MD', '21043', '2025-10-04 23:04:52.493694+00', '2025-10-04 23:50:24.011535+00', '3', '2900', '200', 'https://reservations.example.com'),
('aa1a6926-faad-456a-9619-5498333fb836', 'Historic Frederick Mansion', 'Property Manager', 'frederick.mansion@airbnb.com', '3015551249', NULL, 'Frederick', 'MD', '21701', '2025-10-04 23:04:52.493694+00', '2025-10-04 23:50:24.011535+00', '3', '3000', '200', 'https://reservations.example.com'),
('cc22c7ce-a18f-4981-9c49-1d156b5ad7b3', 'Catoctin Mountain Retreat', 'Event Coordinator', 'catoctin.retreat@airbnb.com', '3015551250', NULL, 'Frederick', 'MD', '21702', '2025-10-04 23:04:52.493694+00', '2025-10-04 23:50:24.011535+00', '3', '3400', '200', 'https://reservations.example.com'),
('0d581e7c-f933-4d83-8615-15ba38f953e2', 'St. Michaels Waterfront Estate', 'Host Services', 'stmichaels.events@airbnb.com', '4105551251', NULL, 'St. Michaels', 'MD', '21663', '2025-10-04 23:04:52.493694+00', '2025-10-04 23:50:24.011535+00', '3', '3500', '200', 'https://reservations.example.com'),
('856989c8-2784-4baa-aa0d-0297a7d26e58', 'Easton Historic Inn', 'Property Host', 'easton.historic@airbnb.com', '4105551252', NULL, 'Easton', 'MD', '21601', '2025-10-04 23:04:52.493694+00', '2025-10-04 23:50:24.011535+00', '1', '2800', '150', 'https://reservations.example.com'),
('7934f4f4-34a9-4ae8-8d2c-36741d34f6d5', 'Turf Valley Resort', NULL, 'visitus@turfvalley.com', '4104651500', NULL, 'Ellicott City', 'MD', '21042', '2025-09-27 15:42:20.27326+00', '2025-10-04 23:50:24.011535+00', '4', '8000', '8', 'https://reservations.example.com'),
('58c2f652-6a42-4d47-8366-05dd75d02994', 'William F Bolger Center', 'Event Services', 'events@bolgercenter.com', '3019839400', NULL, 'Potomac', 'MD', '20854', '2025-10-04 21:54:13.84649+00', '2025-10-04 23:50:24.011535+00', '4', '6000', '8', 'https://reservations.example.com'),
('7659dcc2-d8e1-4900-b5c5-9877fa4a518e', 'Gaylord National Resort', 'Convention Sales', 'meetings@gaylordnational.com', '3019654000', NULL, 'National Harbor', 'MD', '20745', '2025-10-04 21:54:13.84649+00', '2025-10-04 23:50:24.011535+00', '4', '8500', '8', 'https://reservations.example.com'),
('70f56ed1-b739-44be-86c0-a0319a25500c', 'Ashore Resort', 'Conference Center', 'conferences@ashoreoceancity.com', '4105244900', NULL, 'Ocean City', 'MD', '21842', '2025-10-04 21:54:13.84649+00', '2025-10-04 23:50:24.011535+00', '4', '5500', '8', 'https://reservations.example.com');

INSERT INTO "public".hospitality_types (id, name, created_at, updated_at) VALUES
('1', 'hotel', '2025-09-26 19:19:05.202452+00', '2025-09-26 19:48:05.472212+00'),
('3', 'airbnb', '2025-09-26 19:19:21.841254+00', '2025-09-26 19:48:13.353376+00'),
('4', 'resort', '2025-09-26 19:19:30.449397+00', '2025-09-26 19:48:16.131025+00'),
('5', 'other', '2025-09-26 19:19:36.255526+00', '2025-09-26 19:48:19.373064+00');

INSERT INTO "public".profiles (id, user_id, username, display_name, bio, created_at, updated_at, avatar_url) VALUES
('8049cc8a-bb7c-4d4c-ad57-480ed381bd13', '8ca9f4e0-8dc0-42b3-85ba-ee879ad1ed4f', NULL, 'sphines', NULL, '2025-08-13 22:38:44.654351+00', '2025-10-10 21:13:16.891055+00', NULL),
('8f2e36e4-ad3e-49f0-b640-c00132c8728c', 'af2766da-bc37-439c-a210-dd951e70f8b2', NULL, 'User', NULL, '2025-11-07 06:15:56.791096+00', '2025-11-07 06:15:56.791096+00', NULL);

INSERT INTO "public".resource_categories (id, name, created_at) VALUES
('3', 'Venue', '2025-09-30 13:06:18.349139+00'),
('4', 'Transportation', '2025-09-30 13:06:18.349139+00'),
('6', 'Staff', '2025-09-30 13:08:01.003236+00'),
('7', 'Booking', '2025-11-01 23:36:41.423122+00'),
('10', 'Vendors', '2025-11-01 23:40:00.172774+00'),
('8', 'Supplier ', '2025-11-01 23:38:08.734167+00'),
('9', 'Service ', '2025-11-01 23:38:57.724591+00'),
('1', 'Hospitality', '2025-09-30 13:06:18.349139+00'),
('2', 'Entertainment', '2025-09-30 13:06:18.349139+00'),
('5', 'Rentals', '2025-09-30 13:06:18.349139+00');

INSERT INTO "public".resource_status (id, name, created_at) VALUES
('1', 'Available', '2025-09-30 13:06:18.349139+00'),
('4', 'Unavailable', '2025-09-30 13:06:18.349139+00'),
('2', 'Shortage', '2025-09-30 13:06:18.349139+00'),
('3', 'Critical', '2025-09-30 13:06:18.349139+00');

INSERT INTO "public".resources (id, name, category_id, status_id, location, allocated, total, event_id, created_at, updated_at) VALUES
('f29dab40-45af-44ef-b86b-0f059b25f453', 'Sound System', '2', '1', 'Downtown Hotel', '1', '3', '48ae39f9-156b-43ad-a914-71c777eb42a5', '2025-09-30 13:13:58.431068+00', '2025-09-30 13:13:58.431068+00'),
('8142345c-faac-4721-bc16-ca43d541c61f', 'Event Staff', '6', '2', 'Both Locations', '15', '20', '48ae39f9-156b-43ad-a914-71c777eb42a5', '2025-09-30 13:17:49.576416+00', '2025-09-30 13:17:49.576416+00'),
('fcaa74af-34da-4ced-a117-fcb8f1105b3f', 'Catering Service', '1', '3', 'Convention Center', '3', '3', '48ae39f9-156b-43ad-a914-71c777eb42a5', '2025-09-30 13:16:02.899423+00', '2025-09-30 13:45:43.912157+00'),
('ac3ce0c1-4be7-48b1-8b49-431ebeffb431', 'Floral Arrangements', '5', '2', 'Downtown Hotel', '5', '5', '48ae39f9-156b-43ad-a914-71c777eb42a5', '2025-09-30 13:14:56.481777+00', '2025-09-30 14:51:11.649482+00'),
('cccf692a-347d-4564-a8a7-258bc30cd857', 'sdfasdf', '3', '1', '', '1', '1', '48ae39f9-156b-43ad-a914-71c777eb42a5', '2025-09-30 13:11:13.714468+00', '2025-10-08 18:59:43.662323+00'),
('6113185b-60e2-40da-8c3d-9e8e115feaa8', 'My House', '3', '1', '', '1', '1', '736d789a-07a4-4329-ad67-70c385b4e976', '2025-10-08 20:47:38.427331+00', '2025-10-08 23:36:53.691425+00'),
('01054e39-0e2d-4674-957c-9c7ac621c83e', 'Shuttle Service', '4', '1', 'Convention Center', '3', '3', '48ae39f9-156b-43ad-a914-71c777eb42a5', '2025-09-30 13:17:01.896442+00', '2025-10-08 23:41:38.363969+00'),
('17db99bf-220e-44bd-8e2f-c72878fafe92', 'My wedding resourcee', '1', '2', 'Farm', '5', '5', '21da94b0-7241-459c-a4b7-0f0f7228472a', '2025-09-30 15:20:18.506157+00', '2025-09-30 16:44:21.362748+00'),
('cf5ee55b-4770-4814-b0d2-14935b96743c', 'Services', '1', NULL, 'Maryland', '0', '0', '303b4553-a3c6-43e2-bac1-1f77ecee1ba4', '2025-09-30 20:36:26.84178+00', '2025-11-10 23:24:43.455052+00'),
('c3afbe26-15b4-4c2e-b422-63d305443079', 'Charlie Wholesalers', '5', '1', 'Maryland', '1', '1', '303b4553-a3c6-43e2-bac1-1f77ecee1ba4', '2025-09-30 20:38:25.37795+00', '2025-11-10 23:24:43.455052+00'),
('f0bbb23a-6c27-41da-9584-c910fae2bbf9', 'Transportation', '4', '1', 'Maryland', '1', '1', '303b4553-a3c6-43e2-bac1-1f77ecee1ba4', '2025-09-30 20:39:42.381768+00', '2025-11-10 23:24:43.455052+00'),
('138b0464-8c6d-44ad-9836-cb1539892bcc', 'John and Lillian Caterers', '1', '1', 'Maryland', '1', '1', '303b4553-a3c6-43e2-bac1-1f77ecee1ba4', '2025-09-30 20:42:18.647324+00', '2025-11-10 23:24:43.455052+00'),
('19f09899-6d59-46cb-a3f4-7abfcc8767a3', 'Space by Grace', '3', '1', 'Maryland', '1', '1', '303b4553-a3c6-43e2-bac1-1f77ecee1ba4', '2025-10-06 17:18:11.38631+00', '2025-11-10 23:24:43.455052+00'),
('0b736972-f27d-4eaa-afab-8a74567f057c', 'Canton Waterfront Loft', '3', '1', '', '1', '1', 'fe615730-2750-42e1-b09b-3fe45f5e9d0d', '2025-11-11 00:01:21.796421+00', '2025-11-11 00:01:21.796421+00'),
('03292b3e-eaa0-447f-bd0a-6cf5221b1ec1', 'Rosewood Farms', '3', '1', '', '1', '1', '2612ec4c-453b-4397-95a6-fcff0a09a4aa', '2025-11-30 00:05:35.00172+00', '2025-11-30 00:18:22.234479+00'),
('be82c377-b30e-4740-a27b-64ae90729f85', 'Lakeside Private Estate', '3', '1', '', '1', '1', 'ecb34792-6ae6-4c96-ba91-e5e22cf2999a', '2025-11-30 02:07:06.452728+00', '2025-11-30 02:09:24.036166+00');

INSERT INTO "public".role_permission_groups (role, permission_group, created_at) VALUES
('manager', 'admin', '2025-10-07 15:10:42.196487+00'),
('event_planner', 'coordinator', '2025-10-07 15:10:42.196487+00'),
('organizer', 'coordinator', '2025-10-07 15:10:42.196487+00'),
('host', 'viewer', '2025-10-07 15:10:42.196487+00'),
('venue_owner', 'viewer', '2025-10-07 15:10:42.196487+00'),
('hospitality_provider', 'viewer', '2025-10-07 15:10:42.196487+00');

INSERT INTO "public".serv_vendor_rental_assignments (id, serv_vendor_rental_id, vendor_rental_type_id, created_at, updated_at) VALUES
('1', 'e181b112-3814-475e-babc-bd4e6743603f', '14', '2025-09-27 16:03:07.008435+00', '2025-09-27 16:03:07.008435+00'),
('2', 'e181b112-3814-475e-babc-bd4e6743603f', '8', '2025-09-27 16:03:57.792823+00', '2025-09-27 16:03:57.792823+00'),
('3', 'e181b112-3814-475e-babc-bd4e6743603f', '7', '2025-09-27 16:04:31.122993+00', '2025-09-27 16:04:31.122993+00'),
('4', '4eff5fa7-02ca-4872-bb0c-5713752987e0', '7', '2025-09-27 16:08:48.986115+00', '2025-09-27 16:08:48.986115+00'),
('5', '4eff5fa7-02ca-4872-bb0c-5713752987e0', '8', '2025-09-27 16:09:09.734697+00', '2025-09-27 16:09:09.734697+00'),
('6', '4eff5fa7-02ca-4872-bb0c-5713752987e0', '14', '2025-09-27 16:10:49.074365+00', '2025-09-27 16:10:49.074365+00'),
('7', '4eff5fa7-02ca-4872-bb0c-5713752987e0', '9', '2025-09-27 16:12:20.290211+00', '2025-09-27 16:12:20.290211+00'),
('8', '4eff5fa7-02ca-4872-bb0c-5713752987e0', '10', '2025-09-27 16:12:56.125841+00', '2025-09-27 16:12:56.125841+00'),
('9', 'd442c7f9-cfa7-40a9-8664-177771420d76', '4', '2025-10-05 00:49:58.433856+00', '2025-10-05 00:49:58.433856+00'),
('10', 'dc388f88-3466-4d10-84c4-57f27c503f29', '2', '2025-10-05 00:49:58.433856+00', '2025-10-05 00:49:58.433856+00'),
('11', '10cb76f3-9272-4f65-80fd-855d584d5cd8', '3', '2025-10-05 00:49:58.433856+00', '2025-10-05 00:49:58.433856+00'),
('12', '027252dc-b663-4394-9d42-cb141d4353f6', '5', '2025-10-05 00:49:58.433856+00', '2025-10-05 00:49:58.433856+00'),
('13', '757fc674-16bd-4df1-b574-547acd4729a9', '6', '2025-10-05 00:49:58.433856+00', '2025-10-05 00:49:58.433856+00'),
('14', '697bdfa7-5865-4e14-835c-ebc4e2117d1b', '7', '2025-10-05 00:49:58.433856+00', '2025-10-05 00:49:58.433856+00'),
('15', '998ca90e-fae2-4e4f-a34e-196b2f6346ba', '8', '2025-10-05 00:49:58.433856+00', '2025-10-05 00:49:58.433856+00'),
('16', '20041233-bd3d-4128-b3cb-859c77182607', '9', '2025-10-05 00:49:58.433856+00', '2025-10-05 00:49:58.433856+00'),
('17', '2abb237a-cbca-494e-bcb2-4ee90af50639', '11', '2025-10-05 00:49:58.433856+00', '2025-10-05 00:49:58.433856+00'),
('18', '42dd7982-2cd3-4443-b4cd-5100f8386fa5', '12', '2025-10-05 00:49:58.433856+00', '2025-10-05 00:49:58.433856+00'),
('19', '46c6e990-d3bc-4d26-992f-3fcfa891cd26', '14', '2025-10-05 00:49:58.433856+00', '2025-10-05 00:49:58.433856+00'),
('20', '8d74f9db-5811-4e4d-af26-3eb32bb0c21a', '13', '2025-10-05 00:49:58.433856+00', '2025-10-05 00:49:58.433856+00'),
('21', '5cae720e-b85b-4b87-bf53-9e0b668e5118', '10', '2025-10-05 00:49:58.433856+00', '2025-10-05 00:49:58.433856+00');

INSERT INTO "public".serv_vendor_rentals (id, business_name, contact_name, email, phone_number, city, state, zip, created_at, updated_at, price, description) VALUES
('4eff5fa7-02ca-4872-bb0c-5713752987e0', 'ABC Party & Tent Rental', 'John Smith', 'info@abcpartyrental.com', '410-752-5520', 'Baltimore', 'MD', '21230', '2025-09-27 16:08:23.854745+00', '2025-10-05 00:25:55.218+00', '450.00', 'Professional party rental services with a wide selection of equipment and decor'),
('d442c7f9-cfa7-40a9-8664-177771420d76', 'Baltimore Audio Solutions', 'Michael Chen', 'michael@baltimoreaudiosolutions.com', '4105551234', 'Baltimore', 'Maryland', '21201', '2025-10-05 00:49:58.433856+00', '2025-10-05 00:49:58.433856+00', '1500', 'Professional audio visual equipment for events of all sizes'),
('dc388f88-3466-4d10-84c4-57f27c503f29', 'Charm City Photo Booth', 'Sarah Johnson', 'sarah@charmcityphoto.com', '4105552345', 'Baltimore', 'Maryland', '21202', '2025-10-05 00:49:58.433856+00', '2025-10-05 00:49:58.433856+00', '800', 'Fun and interactive photo booth experiences'),
('10cb76f3-9272-4f65-80fd-855d584d5cd8', 'Maryland Event Lighting', 'James Wilson', 'james@mdeventlighting.com', '3015553456', 'Rockville', 'Maryland', '20850', '2025-10-05 00:49:58.433856+00', '2025-10-05 00:49:58.433856+00', '1200', 'Creative lighting solutions for memorable events'),
('027252dc-b663-4394-9d42-cb141d4353f6', 'Annapolis Game Rentals', 'Lisa Martinez', 'lisa@annapolisgames.com', '4105554567', 'Annapolis', 'Maryland', '21401', '2025-10-05 00:49:58.433856+00', '2025-10-05 00:49:58.433856+00', '600', 'Interactive game tables for all ages'),
('757fc674-16bd-4df1-b574-547acd4729a9', 'Garden State Florals MD', 'Emily Davis', 'emily@gardenstateflorals.com', '3015555678', 'Silver Spring', 'Maryland', '20901', '2025-10-05 00:49:58.433856+00', '2025-10-05 00:49:58.433856+00', '2000', 'Beautiful fresh flowers and plant arrangements'),
('697bdfa7-5865-4e14-835c-ebc4e2117d1b', 'Maryland Tent & Canopy', 'Robert Brown', 'robert@mdtentcanopy.com', '4105556789', 'Columbia', 'Maryland', '21044', '2025-10-05 00:49:58.433856+00', '2025-10-05 00:49:58.433856+00', '3000', 'Quality tents for outdoor events'),
('998ca90e-fae2-4e4f-a34e-196b2f6346ba', 'Premier Tables & Chairs MD', 'Jennifer Lee', 'jennifer@premiertablesmd.com', '3015557890', 'Bethesda', 'Maryland', '20814', '2025-10-05 00:49:58.433856+00', '2025-10-05 00:49:58.433856+00', '500', 'Complete table and seating solutions'),
('20041233-bd3d-4128-b3cb-859c77182607', 'Chesapeake Party Supplies', 'David Taylor', 'david@chesapeakeparty.com', '4105558901', 'Towson', 'Maryland', '21204', '2025-10-05 00:49:58.433856+00', '2025-10-05 00:49:58.433856+00', '400', 'Party essentials and housewares'),
('2abb237a-cbca-494e-bcb2-4ee90af50639', 'Maryland Mobile Restrooms', 'Karen White', 'karen@mdmobilerestrooms.com', '3015559012', 'Gaithersburg', 'Maryland', '20877', '2025-10-05 00:49:58.433856+00', '2025-10-05 00:49:58.433856+00', '800', 'Clean and comfortable portable restroom solutions'),
('42dd7982-2cd3-4443-b4cd-5100f8386fa5', 'Capital Entertainment Props', 'Thomas Anderson', 'thomas@capitalprops.com', '4105550123', 'Frederick', 'Maryland', '21701', '2025-10-05 00:49:58.433856+00', '2025-10-05 00:49:58.433856+00', '1000', 'Unique props and stage production elements'),
('46c6e990-d3bc-4d26-992f-3fcfa891cd26', 'Maryland Kids Play Rentals', 'Amanda Garcia', 'amanda@mdkidsplay.com', '3015551234', 'Germantown', 'Maryland', '20874', '2025-10-05 00:49:58.433856+00', '2025-10-05 00:49:58.433856+00', '750', 'Safe and fun play equipment for children'),
('8d74f9db-5811-4e4d-af26-3eb32bb0c21a', 'Baltimore Event Decor', 'Christopher Martin', 'chris@baltimoreeventdecor.com', '4105552345', 'Ellicott City', 'Maryland', '21042', '2025-10-05 00:49:58.433856+00', '2025-10-05 00:49:58.433856+00', '1800', 'Transform your venue with stunning decor'),
('5cae720e-b85b-4b87-bf53-9e0b668e5118', 'Chesapeake Entertainment Co', 'Michelle Robinson', 'michelle@chesapeakeentertainment.com', '4105553456', 'Annapolis', 'Maryland', '21403', '2025-10-05 00:49:58.433856+00', '2025-10-05 00:49:58.433856+00', '2500', 'Professional entertainment services and equipment'),
('e181b112-3814-475e-babc-bd4e6743603f', 'McManus Amusements', 'Daniel McManus', 'dan@mcmanusamusements.com', '443-904-7849', 'White Marsh', 'Maryland', '21162', '2025-09-27 16:02:42.997108+00', '2025-10-05 01:28:08.448559+00', '500.00', 'Professional amusement and entertainment equipment rentals for all events');

INSERT INTO "public".serv_vendor_suppliers (id, business_name, contact_name, email, phone_number, city, state, zip, vendor_sup_type_id, created_at, updated_at, price, description) VALUES
('3c903ea4-8926-4dc4-a1d1-ea495b7531c4', 'Baltimore Catering Co', 'Rachel Green', 'rachel@baltimorecatering.com', '4105553001', 'Baltimore', 'Maryland', '21201', '1', '2025-10-05 01:02:45.476413+00', '2025-10-05 01:02:45.476413+00', '2500', 'Full-service catering for corporate and private events'),
('6e41a8f5-7a04-4cdb-999e-37f9f011f07d', 'Chesapeake Bay Catering', 'David Wilson', 'david@chesapeakecatering.com', '4105553002', 'Annapolis', 'Maryland', '21401', '1', '2025-10-05 01:02:45.476413+00', '2025-10-05 01:02:45.476413+00', '2200', 'Specializing in seafood and regional cuisine'),
('d2c00f98-d25f-48c2-b46f-837458c699ee', 'Private Chef MD', 'Michael Johnson', 'michael@privatechefmd.com', '4105553003', 'Rockville', 'Maryland', '20850', '2', '2025-10-05 01:02:45.476413+00', '2025-10-05 01:02:45.476413+00', '1500', 'Personal chef services for intimate events'),
('29ff87c5-aa17-4d1d-87a4-9dcaa9426d86', 'Executive Chef Services', 'Lisa Chen', 'lisa@executivechef.com', '3015553004', 'Silver Spring', 'Maryland', '20901', '2', '2025-10-05 01:02:45.476413+00', '2025-10-05 01:02:45.476413+00', '1800', 'Professional chef services with custom menus'),
('c0fd07f7-91dc-41ee-9a0e-22a4dbdda136', 'Sweet Delights Bakery', 'Sarah Martinez', 'sarah@sweetdelights.com', '4105553005', 'Frederick', 'Maryland', '21701', '3', '2025-10-05 01:02:45.476413+00', '2025-10-05 01:02:45.476413+00', '800', 'Custom cakes, pastries, and dessert tables'),
('6ae80f67-53f3-4d26-a4c3-7eb3b4655ec8', 'Maryland Artisan Bakery', 'Thomas Anderson', 'thomas@mdartisan.com', '4105553006', 'Towson', 'Maryland', '21204', '3', '2025-10-05 01:02:45.476413+00', '2025-10-05 01:02:45.476413+00', '900', 'Artisan breads and custom baked goods'),
('d74e4f79-d0db-4e58-9e0a-65cd3da387d4', 'Charm City Video Productions', 'Jennifer Lee', 'jennifer@charmcityvideo.com', '4105553007', 'Baltimore', 'Maryland', '21218', '4', '2025-10-05 01:02:45.476413+00', '2025-10-05 01:02:45.476413+00', '2000', 'Professional event videography and editing'),
('34865a93-2edf-42af-94cf-abaca3ff6c02', 'Capital Video Services', 'Robert Brown', 'robert@capitalvideo.com', '3015553008', 'Bethesda', 'Maryland', '20814', '4', '2025-10-05 01:02:45.476413+00', '2025-10-05 01:02:45.476413+00', '2200', 'Cinematic event coverage and live streaming'),
('6930d4bd-c20b-40e8-80fe-8a4cb18d8cfa', 'Rolling Gourmet MD', 'Amanda Garcia', 'amanda@rollinggourmet.com', '4105553009', 'Columbia', 'Maryland', '21044', '5', '2025-10-05 01:02:45.476413+00', '2025-10-05 01:02:45.476413+00', '1200', 'Gourmet food truck catering for events'),
('99520c96-e286-4b7e-ac4b-526fd638376e', 'Street Eats Baltimore', 'Christopher White', 'chris@streeteats.com', '4105553010', 'Baltimore', 'Maryland', '21202', '5', '2025-10-05 01:02:45.476413+00', '2025-10-05 01:02:45.476413+00', '1000', 'Diverse street food options on wheels'),
('5b2b478d-bec7-4d78-bcac-57c9fdcd7d43', 'Pop-Up Events MD', 'Michelle Taylor', 'michelle@popupevents.com', '4105553011', 'Gaithersburg', 'Maryland', '20877', '6', '2025-10-05 01:02:45.476413+00', '2025-10-05 01:02:45.476413+00', '1500', 'Mobile bars and pop-up dining experiences'),
('2c0010cf-6651-4ba2-a044-3293f4dc778f', 'Mobile Market Maryland', 'Kevin Davis', 'kevin@mobilemarket.com', '3015553012', 'Germantown', 'Maryland', '20874', '6', '2025-10-05 01:02:45.476413+00', '2025-10-05 01:02:45.476413+00', '1300', 'Pop-up retail and vendor services'),
('49b07b61-5392-4af9-bf3c-0677829c43dd', 'Frozen Art Sculptures', 'Daniel Kim', 'daniel@frozenart.com', '4105553013', 'Annapolis', 'Maryland', '21403', '7', '2025-10-05 01:02:45.476413+00', '2025-10-05 01:02:45.476413+00', '1800', 'Custom ice sculptures and ice bars for events'),
('a42a49c8-3a4c-4f37-9fed-e8fed72cded3', 'Garden State Florals', 'Emily Green', 'emily@gardenstate.com', '4105553014', 'Ellicott City', 'Maryland', '21042', '8', '2025-10-05 01:02:45.476413+00', '2025-10-05 01:02:45.476413+00', '1200', 'Fresh floral arrangements and event decor'),
('af8ed066-a767-45b1-b34a-45f43eba9510', 'Maryland Foodies Collective', 'Patricia Moore', 'patricia@mdfoodies.com', '4105553015', 'College Park', 'Maryland', '20740', '9', '2025-10-05 01:02:45.476413+00', '2025-10-05 01:02:45.476413+00', '1000', 'Artisan food vendors and tastings'),
('0c28f00c-99c7-433e-a92d-3667fa46faed', 'Gourmet Bites MD', 'Steven Jackson', 'steven@gourmetbites.com', '4105553016', 'Bowie', 'Maryland', '20715', '9', '2025-10-05 01:02:45.476413+00', '2025-10-05 01:02:45.476413+00', '950', 'Specialty food sampling and demonstrations'),
('35b22e99-ba52-452e-873d-9e120d330fc8', 'Thirsty Events MD', 'Karen White', 'karen@thirstyevents.com', '4105553017', 'Westminster', 'Maryland', '21157', '10', '2025-10-05 01:02:45.476413+00', '2025-10-05 01:02:45.476413+00', '1100', 'Full bar service and specialty beverages'),
('4b380c12-76a9-49cb-8720-aab4592f3f5f', 'Pour Perfection', 'Mark Thompson', 'mark@pourperfection.com', '4105553018', 'Easton', 'Maryland', '21601', '10', '2025-10-05 01:02:45.476413+00', '2025-10-05 01:02:45.476413+00', '1200', 'Premium beverage catering and bartenders'),
('70ed03db-6c50-44c8-a17c-e8370fcb5ca2', 'Charm City Brewing Events', 'Brian Harris', 'brian@charmcitybrew.com', '4105553019', 'Baltimore', 'Maryland', '21230', '11', '2025-10-05 01:02:45.476413+00', '2025-10-05 01:02:45.476413+00', '1500', 'Craft beer service and brewery experiences'),
('8a4ae2dc-8417-4307-9d46-3b160c858968', 'Maryland Craft Brewers', 'Nancy Lewis', 'nancy@mdcraftbrew.com', '4105553020', 'Laurel', 'Maryland', '20707', '11', '2025-10-05 01:02:45.476413+00', '2025-10-05 01:02:45.476413+00', '1400', 'Local craft beer catering and education'),
('32210a76-c00e-41bc-bd45-0c48d620b3d5', 'Chesapeake Vineyards Events', 'Victoria Hall', 'victoria@chesapeakewine.com', '4105553021', 'Cambridge', 'Maryland', '21613', '12', '2025-10-05 01:02:45.476413+00', '2025-10-05 01:02:45.476413+00', '1600', 'Wine tastings and vineyard experiences'),
('f7644471-6660-4588-a27d-381399346c44', 'Maryland Wine Co', 'Andrew Clark', 'andrew@mdwineco.com', '4105553022', 'Hagerstown', 'Maryland', '21740', '12', '2025-10-05 01:02:45.476413+00', '2025-10-05 01:02:45.476413+00', '1500', 'Premium wine service and sommelier consultation'),
('be604b83-e235-472d-9025-6e889d661b88', 'Event Services Plus', 'Rachel Walker', 'rachel@eventservices.com', '4105553023', 'Chevy Chase', 'Maryland', '20815', '13', '2025-10-05 01:02:45.476413+00', '2025-10-05 01:02:45.476413+00', '800', 'Miscellaneous event support services'),
('e0c16ad7-62b5-40d8-b3d8-f5e86a71e0c5', 'All-Purpose Event Support', 'David Young', 'david@allevent.com', '4105553024', 'Ocean City', 'Maryland', '21842', '13', '2025-10-05 01:02:45.476413+00', '2025-10-05 01:02:45.476413+00', '750', 'Flexible event service solutions'),
('5300cdf9-11c5-428d-a50b-a960e9684799', 'Fast Track Delivery MD', 'Karen Allen', 'karen@fasttrack.com', '4105553025', 'Waldorf', 'Maryland', '20602', '14', '2025-10-05 01:02:45.476413+00', '2025-10-05 01:02:45.476413+00', '500', 'Reliable event delivery and logistics'),
('7bd5d045-0011-4459-94c0-5382888df09e', 'Express Event Delivery', 'Steven King', 'steven@expressdelivery.com', '4105553026', 'Glen Burnie', 'Maryland', '21061', '14', '2025-10-05 01:02:45.476413+00', '2025-10-05 01:02:45.476413+00', '450', 'Same-day delivery for event supplies'),
('99a97b2b-9424-43b9-b7d1-9e955b5b40f2', 'Maryland Volunteer Network', 'Michelle Robinson', 'michelle@mdvolunteer.com', '4105553027', 'Salisbury', 'Maryland', '21801', '15', '2025-10-05 01:02:45.476413+00', '2025-10-05 01:02:45.476413+00', '0', 'Coordinated volunteer services for events'),
('cff8d525-e704-46f0-a021-eef2a3edd4c4', 'Community Event Volunteers', 'Christopher Martin', 'chris@communityvolunteer.com', '4105553028', 'Frederick', 'Maryland', '21702', '15', '2025-10-05 01:02:45.476413+00', '2025-10-05 01:02:45.476413+00', '0', 'Volunteer coordination and management'),
('0f56fbdc-9c38-436f-8cb4-3ecaa080d05d', 'Elite Event Security', 'James Wilson', 'james@elitesecurity.com', '4105553029', 'Baltimore', 'Maryland', '21201', '16', '2025-10-05 01:02:45.476413+00', '2025-10-05 01:02:45.476413+00', '2000', 'Professional security services for events'),
('469d6985-aa82-4152-95bf-b06c45148b75', 'Maryland Security Solutions', 'Lisa Martinez', 'lisa@mdsecurity.com', '3015553030', 'Rockville', 'Maryland', '20850', '16', '2025-10-05 01:02:45.476413+00', '2025-10-05 01:02:45.476413+00', '1800', 'Comprehensive event security and crowd control'),
('60353442-006c-4fe9-9d9f-141f74016abb', 'Premier Transportation MD', 'Robert Miller', 'robert@premiertrans.com', '4105553031', 'Annapolis', 'Maryland', '21401', '17', '2025-10-05 01:02:45.476413+00', '2025-10-05 01:02:45.476413+00', '1500', 'Luxury transportation for events and guests'),
('0435f8a6-f2e2-4cb7-bedd-a03d540f6ec3', 'Bay Area Event Transit', 'Amanda Davis', 'amanda@bayareatransit.com', '4105553032', 'Towson', 'Maryland', '21204', '17', '2025-10-05 01:02:45.476413+00', '2025-10-05 01:02:45.476413+00', '1400', 'Group transportation and shuttle services'),
('78a1fe5a-8e1e-4d73-8389-b9d73ec8048a', 'All Event Rentals MD', 'Thomas Anderson', 'thomas@alleventrentals.com', '4105553033', 'Silver Spring', 'Maryland', '20910', '18', '2025-10-05 01:02:45.476413+00', '2025-10-05 01:02:45.476413+00', '1000', 'Complete event rental equipment and supplies'),
('5060b444-686c-488d-a89c-def04759dd46', 'Maryland Party Rentals', 'Jennifer White', 'jennifer@mdpartyrentals.com', '4105553034', 'Columbia', 'Maryland', '21044', '18', '2025-10-05 01:02:45.476413+00', '2025-10-05 01:02:45.476413+00', '950', 'Tables, chairs, linens, and party essentials'),
('231dff8c-d411-4ee9-9688-c066abba76cb', 'Ice Lab', 'Jason Mitchell', 'office@iceicemaybe.com', '410-746-1595', 'Cambridge', 'Maryland', '21061', '7', '2025-09-27 16:19:38.158962+00', '2025-10-05 01:25:35.978783+00', '1900', 'Professional ice sculpture artistry for elegant events and celebrations'),
('f17184b5-f523-4b07-a5f8-b7482daff5f7', 'The Modest Florist', 'Rebecca Thompson', 'rebecca@modestflorist.com', '410-753-4420', 'Baltimore', 'Maryland', '21211', '8', '2025-09-27 16:31:07.454466+00', '2025-10-05 01:25:35.978783+00', '1100', 'Beautiful floral arrangements and designs for all occasions');

INSERT INTO "public".supplier_categories (id, name, created_at) VALUES
('1', 'online', '2025-09-26 14:34:24.530515+00'),
('2', 'wholesaler', '2025-09-26 14:34:24.530515+00'),
('3', 'distributor', '2025-09-26 14:34:24.530515+00'),
('4', 'merchandizer', '2025-09-26 14:34:24.530515+00'),
('5', 'other', '2025-09-26 14:38:47.691287+00'),
('6', 'food_wholesaler', '2025-10-05 02:04:16.315503+00'),
('7', 'Event Furniture', '2025-11-01 23:22:18.474192+00'),
('8', 'Catering Suppliers', '2025-11-01 23:23:28.415693+00'),
('9', 'Linen and Fabric', '2025-11-01 23:24:13.994755+00'),
('10', 'Flowers and Plants Wholesale', '2025-11-01 23:26:15.121729+00'),
('11', 'Party Decorations Wholesale', '2025-11-01 23:28:57.201603+00');

INSERT INTO "public".supplier_types (id, name, created_at) VALUES
('1', 'Party Supplies', '2025-09-26 14:34:24.530515+00'),
('2', 'Decorations', '2025-09-26 14:34:24.530515+00'),
('3', 'Flower & Plants', '2025-09-26 14:34:24.530515+00'),
('4', 'Linens & Fabrics', '2025-09-26 14:34:24.530515+00'),
('5', 'Catering Supplies', '2025-09-26 14:34:24.530515+00'),
('6', 'Event Furnitures', '2025-09-26 14:34:24.530515+00');

INSERT INTO "public".suppliers (id, business_name, contact_name, email, phone_number, city, state, zip, type_id, category_id, created_at, updated_at, price, description, inventory_images) VALUES
('5391e60a-a41e-4e57-8c02-50f38eca76a9', 'Party Direct', NULL, 'info@partydirect.com', '1-800-548-7868', 'Peru', 'IN', '46970', '1', '1', '2025-09-26 14:46:51.915379+00', '2025-09-26 14:46:51.915379+00', NULL, NULL, NULL),
('3a28ebca-8405-40bc-9a97-0f0dc267f906', 'Blooming Blossoms', NULL, 'flowers@bloomingblossoms.co', '202-909-7801', 'Silver Spring', 'MD', '20905', '3', '4', '2025-09-26 16:22:43.231588+00', '2025-09-26 16:22:43.231588+00', NULL, NULL, NULL),
('1863b006-c830-4247-80e3-4829a30d0e0f', 'Party Razzle', NULL, NULL, '410-944-2092', 'Baltimore', 'MD', '21244', '1', '4', '2025-09-26 16:33:50.305395+00', '2025-09-26 16:33:50.305395+00', NULL, NULL, NULL),
('0754c341-5011-4d0f-83e8-997cfd6327d4', 'Maryland Food Distributors', 'John Smith', 'contact@mdfooddist.com', '410-555-0101', 'Baltimore', 'MD', '21201', '5', '3', '2025-10-05 02:04:16.315503+00', '2025-10-05 02:04:16.315503+00', '2500.00', NULL, NULL),
('ef605b25-3b94-419b-9dac-8bde2cda6e02', 'Capital Event Supplies', 'Sarah Johnson', 'info@capitalevent.com', '301-555-0102', 'Rockville', 'MD', '20850', '1', '3', '2025-10-05 02:04:16.315503+00', '2025-10-05 02:04:16.315503+00', '1800.00', NULL, NULL),
('95d5036c-4720-4186-bd72-535402f239e3', 'Chesapeake Party Wholesale', 'Mike Davis', 'sales@chesapeakewholesale.com', '410-555-0103', 'Annapolis', 'MD', '21401', '1', '2', '2025-10-05 02:04:16.315503+00', '2025-10-05 02:04:16.315503+00', '1500.00', NULL, NULL),
('eb27b605-9e0a-4698-a79c-ac6786f4b838', 'Maryland Decor Wholesale', 'Lisa Brown', 'orders@mddecor.com', '240-555-0104', 'Frederick', 'MD', '21701', '2', '2', '2025-10-05 02:04:16.315503+00', '2025-10-05 02:04:16.315503+00', '1200.00', NULL, NULL),
('9b117413-4cf0-4625-a794-0c1f3c4453b3', 'Bay State Food Wholesalers', 'Robert Wilson', 'contact@baystatefood.com', '443-555-0105', 'Columbia', 'MD', '21044', '5', '6', '2025-10-05 02:04:16.315503+00', '2025-10-05 02:04:16.315503+00', '3000.00', NULL, NULL),
('498a8bc8-d612-4cab-a67e-62ce622c0590', 'Eastern Shore Food Supply', 'Jennifer Lee', 'info@eshorefood.com', '410-555-0106', 'Easton', 'MD', '21601', '5', '6', '2025-10-05 02:04:16.315503+00', '2025-10-05 02:04:16.315503+00', '2800.00', NULL, NULL),
('7d90b8d1-a6e9-4f47-aa25-faf206182aa1', 'MD Event Market Online', 'David Martinez', 'support@mdeventmarket.com', '301-555-0107', 'Bethesda', 'MD', '20814', '1', '1', '2025-10-05 02:04:16.315503+00', '2025-10-05 02:04:16.315503+00', '800.00', NULL, NULL),
('fe2ebaa8-321c-442c-875e-75d1338e6d05', 'Digital Party Supplies MD', 'Amanda White', 'hello@digitalpartymd.com', '443-555-0108', 'Silver Spring', 'MD', '20901', '2', '1', '2025-10-05 02:04:16.315503+00', '2025-10-05 02:04:16.315503+00', '600.00', NULL, NULL),
('a98695ae-60eb-4388-9578-eb071f614c25', 'Maryland Event Merchandising', 'Chris Taylor', 'sales@mdeventmerch.com', '410-555-0109', 'Towson', 'MD', '21204', '6', '4', '2025-10-05 02:04:16.315503+00', '2025-10-05 02:04:16.315503+00', '2200.00', NULL, NULL),
('766b9050-e990-4d0f-a664-6787ed4db26e', 'Charm City Merchandisers', 'Patricia Anderson', 'info@charmcitymerch.com', '443-555-0110', 'Baltimore', 'MD', '21224', '4', '4', '2025-10-05 02:04:16.315503+00', '2025-10-05 02:04:16.315503+00', '1900.00', NULL, NULL),
('301d1bc7-4fe4-4b1e-a726-e708f9cc48db', 'Maryland Event Specialists', 'Kevin Thomas', 'contact@mdeventspec.com', '301-555-0111', 'Gaithersburg', 'MD', '20877', '1', '5', '2025-10-05 02:04:16.315503+00', '2025-10-05 02:04:16.315503+00', '1600.00', NULL, NULL),
('34cf28d0-3198-4477-8165-fd4c9995c26a', 'Potomac Party Solutions', 'Maria Garcia', 'info@potomacparty.com', '240-555-0112', 'Potomac', 'MD', '20854', '3', '5', '2025-10-05 02:04:16.315503+00', '2025-10-05 02:04:16.315503+00', '1400.00', NULL, NULL),
('82b2d566-5fea-45bf-93b7-adfb5e3ba5c4', 'Crestline', NULL, 'Crestline.com', '866-488-4975', NULL, NULL, NULL, NULL, '5', '2025-10-05 08:11:18.397533+00', '2025-10-05 08:33:49.930922+00', NULL, 'Unique giveaways for Event Planners', NULL);

INSERT INTO "public".tasks (id, event_id, title, description, assigned_to, status, priority, estimated_hours, actual_hours, due_date, created_by, created_at, updated_at, assigned_venue_role, assigned_supplier_vendor_role, assigned_service_vendor_role, assined_vendor_role, start_time, end_time, start_date, end_date, archived, category, assigned_coordinator_name) VALUES
('81e3a8fb-def2-4a08-a9fe-2d94cccbec60', '48ae39f9-156b-43ad-a914-71c777eb42a5', 'Client Discovery & Requirements', 'Detailed client consultation and requirement gathering', NULL, 'not_started', 'high', NULL, NULL, NULL, 'b0d281ca-c8c8-4d6a-89fc-c9cf3afadaf2', '2025-09-29 21:37:01.216049+00', '2025-09-29 21:37:01.216049+00', NULL, NULL, NULL, NULL, NULL, NULL, NULL, NULL, 'f', NULL, NULL),
('ed9addc1-cbf2-4ee3-8bc2-fbee597a0227', '48ae39f9-156b-43ad-a914-71c777eb42a5', 'Proposal & Contract', 'Create detailed proposal and finalize service agreement', NULL, 'not_started', 'high', NULL, NULL, NULL, 'b0d281ca-c8c8-4d6a-89fc-c9cf3afadaf2', '2025-09-29 21:37:39.057187+00', '2025-09-29 21:37:39.057187+00', NULL, NULL, NULL, NULL, NULL, NULL, NULL, NULL, 'f', NULL, NULL),
('44dae054-aac1-4821-8129-bde3221df9d3', '48ae39f9-156b-43ad-a914-71c777eb42a5', 'Timeline & Logistics', 'Detailed event timeline and logistics planning', NULL, 'not_started', 'medium', NULL, NULL, NULL, 'b0d281ca-c8c8-4d6a-89fc-c9cf3afadaf2', '2025-09-29 21:38:40.501126+00', '2025-09-29 21:38:40.501126+00', NULL, NULL, NULL, NULL, NULL, NULL, NULL, NULL, 'f', NULL, NULL),
('4e2fc2b3-688b-42c4-9b6c-28067ab91f0f', 'd7b0519e-f1b0-4281-9485-ffa9cbd991da', 'Set Budget & Timeline', 'Determine available budget and create event timeline', NULL, 'not_started', 'high', NULL, NULL, NULL, 'b0d281ca-c8c8-4d6a-89fc-c9cf3afadaf2', '2025-09-29 22:11:54.674973+00', '2025-09-29 22:11:54.674973+00', NULL, NULL, NULL, NULL, NULL, NULL, NULL, NULL, 'f', NULL, NULL),
('312899a4-f355-4363-9969-af5bffac9a2f', '303b4553-a3c6-43e2-bac1-1f77ecee1ba4', 'Lee''s Event Collaborator - Bookings', 'Enter task collaborator name', NULL, 'completed', 'high', '0.5', NULL, '2025-10-11 17:00:00+00', '8ca9f4e0-8dc0-42b3-85ba-ee879ad1ed4f', '2025-10-07 18:10:15.439304+00', '2025-11-11 00:52:05.185205+00', NULL, NULL, NULL, NULL, NULL, NULL, NULL, NULL, 't', 'Bookings', 'Joanne'),
('ce8aade1-cfa0-4c97-b030-5e6869884bdf', '48ae39f9-156b-43ad-a914-71c777eb42a5', 'Client Discovery & Requirements', 'Detailed client consultation and requirement gathering', NULL, 'completed', 'high', NULL, NULL, NULL, 'b0d281ca-c8c8-4d6a-89fc-c9cf3afadaf2', '2025-09-29 21:37:27.711792+00', '2025-09-30 18:41:31.992918+00', NULL, NULL, NULL, NULL, NULL, NULL, NULL, NULL, 'f', NULL, NULL),
('0ad12b10-9f50-47dc-a8cb-2291f4a89fb3', '48ae39f9-156b-43ad-a914-71c777eb42a5', 'test 10/08/2025', NULL, NULL, 'in_progress', 'medium', NULL, NULL, NULL, 'b0d281ca-c8c8-4d6a-89fc-c9cf3afadaf2', '2025-10-08 16:25:31.627252+00', '2025-10-08 20:45:59.703521+00', NULL, NULL, NULL, NULL, NULL, NULL, NULL, NULL, 't', 'Venue', NULL),
('2fc27408-1bb7-4320-8b73-47992ccbb193', '21da94b0-7241-459c-a4b7-0f0f7228472a', 'Vendo task', NULL, NULL, 'completed', 'low', '2', NULL, '2025-09-16 12:43:00+00', 'b0d281ca-c8c8-4d6a-89fc-c9cf3afadaf2', '2025-09-25 01:34:42.801702+00', '2025-10-08 16:32:06.553749+00', 'vendor_coordinator', NULL, NULL, NULL, NULL, NULL, NULL, NULL, 'f', NULL, NULL),
('eb3ffc1a-2e0e-4b27-bafb-b299028a4cdb', '48ae39f9-156b-43ad-a914-71c777eb42a5', 'Client Discovery & Requirements', 'Detailed client consultation and requirement gathering', NULL, 'not_started', 'high', NULL, NULL, NULL, 'b0d281ca-c8c8-4d6a-89fc-c9cf3afadaf2', '2025-09-29 21:59:34.578304+00', '2025-10-01 18:16:03.857532+00', NULL, NULL, NULL, NULL, NULL, NULL, NULL, NULL, 'f', NULL, NULL),
('c015e153-f566-4c15-9b93-0f60ab5b3bba', '48ae39f9-156b-43ad-a914-71c777eb42a5', 'Catering Selection', 'Choose catering service and menu', NULL, 'completed', 'medium', '12', '10', '0001-10-11 20:00:00+00', 'b0d281ca-c8c8-4d6a-89fc-c9cf3afadaf2', '2025-09-17 01:06:07.720352+00', '2025-10-08 20:56:50.837633+00', NULL, NULL, NULL, NULL, '05:31:00', '08:20:00', '2025-10-07', '2025-10-14', 'f', NULL, NULL),
('ef5709da-84f2-4a15-a5a9-8c0d4f50a054', 'ecb34792-6ae6-4c96-ba91-e5e22cf2999a', 'Venue', 'Complete contract', NULL, 'not_started', 'medium', '2', NULL, NULL, '8ca9f4e0-8dc0-42b3-85ba-ee879ad1ed4f', '2025-11-30 02:18:51.980009+00', '2025-11-30 02:18:51.980009+00', NULL, NULL, NULL, NULL, NULL, NULL, NULL, NULL, 'f', 'Venue', 'Margaret'),
('035f513b-f027-4ab6-ad70-e8ac72de117d', 'c0541534-5a1e-4fe6-9e86-d792f8a7289a', 'Task for hospitality provider', NULL, NULL, 'not_started', 'medium', NULL, NULL, NULL, 'b0d281ca-c8c8-4d6a-89fc-c9cf3afadaf2', '2025-09-25 19:09:09.97101+00', '2025-09-25 19:09:09.97101+00', NULL, NULL, NULL, NULL, NULL, NULL, NULL, NULL, 'f', NULL, NULL),
('6d4d41a3-362f-4e9f-8312-78f0633501a0', 'c0541534-5a1e-4fe6-9e86-d792f8a7289a', 'My other task', 'another description', NULL, 'on_hold', 'medium', '3', NULL, '2025-09-16 20:35:00+00', 'b0d281ca-c8c8-4d6a-89fc-c9cf3afadaf2', '2025-09-14 00:35:36.225154+00', '2025-09-25 20:17:07.107347+00', 'vendor_coordinator', NULL, NULL, NULL, '21:36:00', '23:37:00', '2025-09-29', '2025-09-29', 'f', NULL, NULL),
('e0968313-b045-4804-b7e9-ae5c8a379062', 'c0541534-5a1e-4fe6-9e86-d792f8a7289a', 'My birthday task', 'desc', NULL, 'completed', 'medium', '3', NULL, '2025-09-09 20:34:00+00', 'b0d281ca-c8c8-4d6a-89fc-c9cf3afadaf2', '2025-09-14 00:35:00.719213+00', '2025-09-25 20:25:01.386108+00', NULL, NULL, NULL, NULL, '16:37:00', '18:37:00', '2025-09-29', NULL, 'f', NULL, NULL),
('6f256bf5-d08d-4f17-a6f2-068504f1e235', '48ae39f9-156b-43ad-a914-71c777eb42a5', 'Venue Booking', 'Secure and confirm venue reservation', NULL, 'completed', 'high', '16', '8', '2025-10-17 04:00:00+00', 'b0d281ca-c8c8-4d6a-89fc-c9cf3afadaf2', '2025-09-17 00:42:24.14144+00', '2025-09-25 20:25:50.122188+00', NULL, NULL, NULL, NULL, NULL, NULL, NULL, NULL, 'f', NULL, NULL),
('26d2c101-b6da-47e9-a1c3-a88033b7df45', '48ae39f9-156b-43ad-a914-71c777eb42a5', 'Client Discovery & Requirements', 'Detailed client consultation and requirement gathering', NULL, 'not_started', 'high', NULL, NULL, NULL, 'b0d281ca-c8c8-4d6a-89fc-c9cf3afadaf2', '2025-09-29 21:36:59.78737+00', '2025-09-29 21:36:59.78737+00', NULL, NULL, NULL, NULL, NULL, NULL, NULL, NULL, 'f', NULL, NULL),
('18710073-667e-41e4-8178-19da208c6512', '736d789a-07a4-4329-ad67-70c385b4e976', 'Task for my event', NULL, NULL, 'completed', 'medium', NULL, '2', NULL, 'b0d281ca-c8c8-4d6a-89fc-c9cf3afadaf2', '2025-10-01 15:15:15.307879+00', '2025-10-08 22:15:36.590838+00', NULL, NULL, NULL, NULL, '16:57:00', '20:56:00', '2025-10-07', '2025-10-14', 'f', NULL, NULL),
('744d184e-5fbf-477d-b624-90e1b10b33e5', '48ae39f9-156b-43ad-a914-71c777eb42a5', 'Client Discovery & Requirements', 'Detailed client consultation and requirement gathering', NULL, 'cancelled', 'high', NULL, NULL, NULL, 'b0d281ca-c8c8-4d6a-89fc-c9cf3afadaf2', '2025-09-29 21:37:03.70727+00', '2025-10-08 22:28:22.583345+00', NULL, NULL, NULL, NULL, NULL, NULL, NULL, NULL, 'f', NULL, NULL),
('14aa1366-cefd-4962-b8d3-729f6689874c', 'd7b0519e-f1b0-4281-9485-ffa9cbd991da', 'Define Event Concept', 'Establish theme, guest count, and basic requirements', NULL, 'completed', 'high', NULL, NULL, NULL, 'b0d281ca-c8c8-4d6a-89fc-c9cf3afadaf2', '2025-09-29 22:22:04.358427+00', '2025-10-08 19:25:36.124211+00', NULL, NULL, NULL, NULL, NULL, NULL, NULL, NULL, 'f', NULL, NULL),
('30b76690-8437-4331-b5f2-f217e38d3656', '303b4553-a3c6-43e2-bac1-1f77ecee1ba4', 'Lee''s Event Collaborator - Transportation', 'Enter task collaborator name', NULL, 'completed', 'medium', '1', NULL, '2025-10-12 17:00:00+00', '8ca9f4e0-8dc0-42b3-85ba-ee879ad1ed4f', '2025-10-07 19:16:12.610196+00', '2025-11-11 00:51:51.016753+00', NULL, NULL, NULL, NULL, NULL, NULL, NULL, NULL, 't', 'Transportation', 'David'),
('ddec91b4-6c45-4ebf-9d2c-b7e73458329c', 'd7b0519e-f1b0-4281-9485-ffa9cbd991da', 'Book Venue', 'Secure location that fits theme and guests count', NULL, 'in_progress', 'medium', '3', NULL, '2025-10-26 20:00:00+00', 'b0d281ca-c8c8-4d6a-89fc-c9cf3afadaf2', '2025-09-29 22:22:19.303382+00', '2025-10-08 23:30:36.108569+00', NULL, NULL, NULL, NULL, NULL, NULL, NULL, NULL, 'f', NULL, NULL),
('82792227-4b7a-4401-9493-1bb3ede3c3a9', 'd7b0519e-f1b0-4281-9485-ffa9cbd991da', 'Define Concept', 'Establish theme, guest count, and basic requirements', NULL, 'not_started', 'high', NULL, NULL, NULL, 'b0d281ca-c8c8-4d6a-89fc-c9cf3afadaf2', '2025-09-29 22:11:21.010262+00', '2025-10-08 19:25:53.940943+00', NULL, NULL, NULL, NULL, NULL, NULL, NULL, NULL, 'f', NULL, NULL),
('3185c8a2-3cc0-4cde-b463-276db81c9bd0', '303b4553-a3c6-43e2-bac1-1f77ecee1ba4', 'Lee''s Event Collaborator - Service Vendor', 'Enter task collaborator name', NULL, 'completed', 'high', '0.5', NULL, '2025-10-10 17:00:00+00', '8ca9f4e0-8dc0-42b3-85ba-ee879ad1ed4f', '2025-10-07 19:03:01.722177+00', '2025-11-11 00:51:56.327782+00', NULL, NULL, NULL, NULL, NULL, NULL, NULL, NULL, 't', 'Service Vendor', 'Quincy'),
('e7a5c811-d7bb-457e-945a-c3d944991940', '303b4553-a3c6-43e2-bac1-1f77ecee1ba4', 'Lee''s Event Collaborator - Vendor Service Rental/Buy', 'Enter task collaborator name', NULL, 'completed', 'high', '0.5', NULL, '2025-10-10 17:00:00+00', '8ca9f4e0-8dc0-42b3-85ba-ee879ad1ed4f', '2025-10-07 19:00:17.905475+00', '2025-11-11 00:51:59.263599+00', NULL, NULL, NULL, NULL, NULL, NULL, NULL, NULL, 't', 'Vendor Service Rental/Buy', 'Karen'),
('277467f2-4e04-44d9-96c6-9e3a95dbf592', '303b4553-a3c6-43e2-bac1-1f77ecee1ba4', 'Lee''s Event Collaborator - Venue', 'Enter task collaborator name', NULL, 'completed', 'high', '0.5', NULL, '2025-10-10 17:00:00+00', '8ca9f4e0-8dc0-42b3-85ba-ee879ad1ed4f', '2025-10-07 18:51:53.361224+00', '2025-11-11 00:52:01.906221+00', NULL, NULL, NULL, NULL, NULL, NULL, NULL, NULL, 't', 'Venue', 'Pat');

INSERT INTO "public".tasks_dependencies (id, task_id, depends_on_task_id, created_at) VALUES
('f7e655c2-2b47-4ec0-b458-396e505d7cfe', 'e7a5c811-d7bb-457e-945a-c3d944991940', '277467f2-4e04-44d9-96c6-9e3a95dbf592', '2025-10-07 19:01:42.114359+00'),
('9cdb3bce-a561-49eb-bc6d-6597fe2008bd', '30b76690-8437-4331-b5f2-f217e38d3656', '312899a4-f355-4363-9969-af5bffac9a2f', '2025-10-07 19:17:28.771126+00'),
('a98f0056-4fbe-415f-b45f-c9e9fb7958fe', '30b76690-8437-4331-b5f2-f217e38d3656', '277467f2-4e04-44d9-96c6-9e3a95dbf592', '2025-10-07 19:17:28.771126+00'),
('49f07cf6-4943-4f65-b574-c7ba9a7a32f6', 'ddec91b4-6c45-4ebf-9d2c-b7e73458329c', '81e3a8fb-def2-4a08-a9fe-2d94cccbec60', '2025-10-08 20:58:15.547919+00');

INSERT INTO "public".team_assignments (id, team_id, user_id, team_admin, created_at, updated_at, is_viewer, is_coordinator) VALUES
('14', 'f24f100a-d756-45dd-a983-131f138670dd', '8ca9f4e0-8dc0-42b3-85ba-ee879ad1ed4f', 't', '2025-10-06 22:51:40.165829+00', '2025-10-06 22:51:40.165829+00', 'f', 'f'),
('9', 'e853ef8a-c886-444b-b7db-7359118b58a8', '8ca9f4e0-8dc0-42b3-85ba-ee879ad1ed4f', 't', '2025-10-06 20:57:28.752727+00', '2025-10-07 00:00:33.497996+00', 'f', 'f');

INSERT INTO "public".teams (id, name, created_at, updated_at) VALUES
('02593944-9002-4cec-b60e-1de7c8a37614', 'My Team', '2025-09-30 23:25:57.768369+00', '2025-09-30 23:25:57.768369+00'),
('92c893f4-45c2-485c-9e0a-cbe035c1235e', 'Demo Team', '2025-09-30 23:37:22.187309+00', '2025-09-30 23:37:22.187309+00'),
('742c185c-3267-4aaf-ad74-5c455904b7fe', 'Venue Owner’s team', '2025-09-30 23:48:09.826704+00', '2025-09-30 23:48:09.826704+00'),
('e853ef8a-c886-444b-b7db-7359118b58a8', 'Marcia Lee', '2025-10-06 20:57:28.59896+00', '2025-10-06 20:57:28.59896+00'),
('f24f100a-d756-45dd-a983-131f138670dd', 'Marcia Lee Event', '2025-10-06 22:51:40.048768+00', '2025-10-06 22:51:40.048768+00');

INSERT INTO "public".template_tasks (id, template_id, user_id, title, description, created_at, updated_at) VALUES
('6619571c-9e31-4e9f-949f-d50cdb44f835', '05c421cb-dd47-4242-8478-7aa02bfc0480', 'b0d281ca-c8c8-4d6a-89fc-c9cf3afadaf2', 'My template task 1', '', '2025-09-29 23:13:08.95131+00', '2025-09-29 23:13:08.95131+00'),
('d69bef9a-4e21-4b01-9e3d-8210e8370d7f', '05c421cb-dd47-4242-8478-7aa02bfc0480', 'b0d281ca-c8c8-4d6a-89fc-c9cf3afadaf2', 'My template task 2', '', '2025-09-29 23:13:19.74849+00', '2025-09-29 23:13:19.74849+00');

INSERT INTO "public".templates (id, user_id, name, description, created_at, updated_at) VALUES
('05c421cb-dd47-4242-8478-7aa02bfc0480', 'b0d281ca-c8c8-4d6a-89fc-c9cf3afadaf2', 'My First template', 'This is my description', '2025-09-29 22:56:32.796338+00', '2025-09-29 22:56:32.796338+00');

INSERT INTO "public".transportation_profiles (id, business_name, contact_name, email, phone_number, city, state, zip, capacity, transp_type_id, created_at, updated_at, seating_capacity, price, description, special_accommodations, transpo_images) VALUES
('68ec845d-9ef2-45cc-ba0e-58fc3a96e9e4', 'Premier Charter Bus Maryland', 'Michael Johnson', 'info@premierchartermd.com', '4105551001', 'Baltimore', 'Maryland', '21202', NULL, '1', '2025-10-05 01:18:35.137389+00', '2025-10-05 01:18:35.137389+00', '56', '1500', 'Luxury charter bus service for groups and events', '{WiFi,Restroom,"Air Conditioning","Reclining Seats"}', NULL),
('22a0a887-6afe-4d2b-ac3d-f1a43a7c161b', 'Maryland Express Bus Lines', 'Sarah Williams', 'bookings@mdexpressbus.com', '4105551002', 'Rockville', 'Maryland', '20850', NULL, '1', '2025-10-05 01:18:35.137389+00', '2025-10-05 01:18:35.137389+00', '45', '1200', 'Reliable bus transportation for corporate and private events', '{WiFi,"Audio System","Air Conditioning"}', NULL),
('4e74ca2d-00bb-4068-ad7e-7c014fef39a7', 'Annapolis Van Service', 'David Martinez', 'contact@annapolisvan.com', '4105552001', 'Annapolis', 'Maryland', '21401', NULL, '2', '2025-10-05 01:18:35.137389+00', '2025-10-05 01:18:35.137389+00', '15', '350', 'Comfortable van transportation for medium-sized groups', '{WiFi,"Luggage Space","Climate Control"}', NULL),
('dcb717b2-83cd-4ef8-98c3-a205cf5e8f53', 'Silver Spring Shuttles', 'Jennifer Lee', 'info@silverspringshuttles.com', '3015552002', 'Silver Spring', 'Maryland', '20901', NULL, '2', '2025-10-05 01:18:35.137389+00', '2025-10-05 01:18:35.137389+00', '12', '300', 'Professional shuttle and van services for all occasions', '{"Wheelchair Accessible",WiFi,"Air Conditioning"}', NULL),
('fc114285-5783-4e6d-a351-930a1c7804c4', 'Bethesda Executive Cars', 'Robert Taylor', 'reservations@bethesdaexec.com', '3015553001', 'Bethesda', 'Maryland', '20814', NULL, '3', '2025-10-05 01:18:35.137389+00', '2025-10-05 01:18:35.137389+00', '6', '150', 'Premium SUV service for executive transportation', '{WiFi,"Leather Seats","Bottled Water"}', NULL),
('c1ebceba-a0c8-4c60-8a9d-4e980d56069e', 'Towson Luxury Rides', 'Emily Brown', 'bookings@towsonluxury.com', '4105553002', 'Towson', 'Maryland', '21204', NULL, '3', '2025-10-05 01:18:35.137389+00', '2025-10-05 01:18:35.137389+00', '7', '175', 'High-end car and SUV service for special occasions', '{"Climate Control","Premium Sound","Phone Chargers"}', NULL),
('0b5c690e-3bd7-47f2-bdb6-103fab07f632', 'Maryland Royal Limousines', 'Christopher Wilson', 'info@mdroyallimo.com', '4105554001', 'Columbia', 'Maryland', '21044', NULL, '4', '2025-10-05 01:18:35.137389+00', '2025-10-05 01:18:35.137389+00', '10', '500', 'Elegant limousine service for weddings and special events', '{"Bar Service","Premium Sound","Mood Lighting","Privacy Partition"}', NULL),
('7114d04e-292d-4957-8134-19badfc9207d', 'Frederick Premium Limo', 'Amanda Garcia', 'bookings@frederickpremium.com', '3015554002', 'Frederick', 'Maryland', '21701', NULL, '4', '2025-10-05 01:18:35.137389+00', '2025-10-05 01:18:35.137389+00', '8', '450', 'Luxury limousine service with professional chauffeurs', '{"Champagne Service","Entertainment System","Leather Interior"}', NULL),
('7bd291a0-5d6c-46d6-a20f-342592253c03', 'Baltimore Moving & Transport', 'James Anderson', 'dispatch@baltimoremove.com', '4105555001', 'Baltimore', 'Maryland', '21224', NULL, '5', '2025-10-05 01:18:35.137389+00', '2025-10-05 01:18:35.137389+00', '3', '200', 'Professional truck services for equipment and supplies transport', '{"Lift Gate","Tie-Down Straps","Climate Control"}', NULL),
('f4127bc4-3a62-4c84-b8be-7ea5b443b8fb', 'Gaithersburg Freight Services', 'Maria Rodriguez', 'info@gaithersburgfreight.com', '3015555002', 'Gaithersburg', 'Maryland', '20877', NULL, '5', '2025-10-05 01:18:35.137389+00', '2025-10-05 01:18:35.137389+00', '3', '250', 'Reliable truck transportation for event logistics and deliveries', '{"Loading Assistance","GPS Tracking","Insurance Coverage"}', NULL),
('2c7d5348-3132-40e3-a06e-96965e66ca46', 'Chesapeake Specialty Transport', 'Thomas Clark', 'contact@chesapeakespecial.com', '4105556001', 'Easton', 'Maryland', '21601', NULL, '6', '2025-10-05 01:18:35.137389+00', '2025-10-05 01:18:35.137389+00', '20', '400', 'Unique transportation options including trolleys and vintage vehicles', '{"Open Air Option","Tour Guide","Custom Routes"}', NULL),
('c297a784-c9e8-4c5f-9f67-884627661d23', 'Hagerstown Party Bus', 'Lisa Martinez', 'bookings@hagerstownparty.com', '3015556002', 'Hagerstown', 'Maryland', '21740', NULL, '6', '2025-10-05 01:18:35.137389+00', '2025-10-05 01:18:35.137389+00', '25', '600', 'Party bus rentals for celebrations and special occasions', '{"Dance Floor",Bar,"Sound System","LED Lighting"}', NULL),
('48657467-22c9-4aaa-b45a-04828c16f4f9', 'Affordable Luxury Limousine', 'Patricia Williams', 'info@affordableluxurylimo.com', '410-529-5006', 'Baltimore', 'Maryland', '21128', NULL, '4', '2025-09-27 16:35:03.11536+00', '2025-10-05 01:23:27.977797+00', '9', '475', 'Affordable luxury limousine service for all special occasions', '{"Premium Interior","Sound System","Complimentary Beverages","Professional Chauffeur"}', NULL),
('a3baa952-1d2d-42bd-ab09-6114be66ef69', 'Gogo Charters', 'Steven Thompson', 'sales@gogocharters.com', '202-741-9808', 'College Park', 'Maryland', '20740', NULL, '1', '2025-09-27 16:38:07.819797+00', '2025-10-05 01:23:27.977797+00', '50', '1350', 'Professional charter bus service for group transportation and events', '{WiFi,"Power Outlets","Air Conditioning","Comfortable Seating"}', NULL);

INSERT INTO "public".transportation_types (id, name, created_at, updated_at) VALUES
('1', 'Bus', '2025-09-27 16:32:05.887364+00', '2025-09-27 16:32:05.887364+00'),
('2', 'Van', '2025-09-27 16:32:13.606291+00', '2025-09-27 16:32:13.606291+00'),
('3', 'Car/SUV', '2025-09-27 16:32:20.375588+00', '2025-09-27 16:32:20.375588+00'),
('4', 'Limousine', '2025-09-27 16:32:27.415774+00', '2025-09-27 16:32:27.415774+00'),
('5', 'Truck', '2025-09-27 16:32:32.710283+00', '2025-09-27 16:32:32.710283+00'),
('6', 'Other', '2025-09-27 16:32:38.156347+00', '2025-09-27 16:32:38.156347+00');

INSERT INTO "public".user_roles (id, user_id, role, created_at, permission_level, event_id) VALUES
('a11e96ef-db42-483a-99aa-0b1c05692e08', '8ca9f4e0-8dc0-42b3-85ba-ee879ad1ed4f', 'organizer', '2025-10-10 21:21:01.227172+00', 'admin', '303b4553-a3c6-43e2-bac1-1f77ecee1ba4'),
('11f9c76d-1978-40f5-8756-637bea8e73b3', 'af2766da-bc37-439c-a210-dd951e70f8b2', 'organizer', '2025-11-07 09:01:44.934464+00', 'admin', NULL);

INSERT INTO "public".vendor_rental_types (id, name, created_at, updated_at) VALUES
('2', 'Photo Booth', '2025-09-27 15:49:53.141888+00', '2025-09-27 15:49:53.141888+00'),
('3', 'Lighting', '2025-09-27 15:50:05.156357+00', '2025-09-27 15:50:05.156357+00'),
('4', 'Audio Visual Equipment', '2025-09-27 15:50:18.742512+00', '2025-09-27 15:50:18.742512+00'),
('5', 'Game Tables', '2025-09-27 15:50:27.308383+00', '2025-09-27 15:50:27.308383+00'),
('6', 'Flowers & Plants', '2025-09-27 15:50:36.316997+00', '2025-09-27 15:50:36.316997+00'),
('7', 'Tents', '2025-09-27 15:50:42.618083+00', '2025-09-27 15:50:42.618083+00'),
('8', 'Tables & Chairs', '2025-09-27 15:50:53.256394+00', '2025-09-27 15:50:53.256394+00'),
('9', 'Housewares', '2025-09-27 15:51:03.137448+00', '2025-09-27 15:51:03.137448+00'),
('10', 'Entertainment Options', '2025-09-27 15:51:15.692214+00', '2025-09-27 15:51:15.692214+00'),
('12', 'Production Props', '2025-09-27 15:51:31.296331+00', '2025-09-27 15:51:31.296331+00'),
('13', 'Venue Space Decor', '2025-09-27 15:51:39.765598+00', '2025-09-27 15:51:39.765598+00'),
('14', 'Child Play Equipment', '2025-09-27 15:51:48.628591+00', '2025-09-27 15:51:48.628591+00'),
('11', 'Portable Johns', '2025-09-27 15:51:24.444467+00', '2025-10-04 06:19:57.331314+00');

INSERT INTO "public".vendor_supplier_types (id, name, created_at, updated_at) VALUES
('1', 'Cateter', '2025-09-27 16:16:48.893758+00', '2025-09-27 16:16:48.893758+00'),
('2', 'Chef', '2025-09-27 16:16:56.86854+00', '2025-09-27 16:16:56.86854+00'),
('3', 'Bakery', '2025-09-27 16:17:02.170965+00', '2025-09-27 16:17:02.170965+00'),
('4', 'Videographer', '2025-09-27 16:17:12.213504+00', '2025-09-27 16:17:12.213504+00'),
('5', 'Food Truck', '2025-09-27 16:17:21.874366+00', '2025-09-27 16:17:21.874366+00'),
('6', 'Mobile Pop-Up', '2025-09-27 16:17:32.88477+00', '2025-09-27 16:17:32.88477+00'),
('7', 'Ice Sculpture', '2025-09-27 16:17:45.022691+00', '2025-09-27 16:17:45.022691+00'),
('8', 'Florist', '2025-09-27 16:17:52.872319+00', '2025-09-27 16:17:52.872319+00'),
('9', 'Foodies', '2025-09-27 16:17:59.711822+00', '2025-09-27 16:17:59.711822+00'),
('10', 'Beverage', '2025-09-27 16:18:06.134236+00', '2025-09-27 16:18:06.134236+00'),
('11', 'Brewery', '2025-09-27 16:18:12.147692+00', '2025-09-27 16:18:12.147692+00'),
('12', 'Winery', '2025-09-27 16:18:18.784174+00', '2025-09-27 16:18:18.784174+00'),
('13', 'Other', '2025-09-27 16:18:25.228356+00', '2025-09-27 16:18:25.228356+00'),
('14', 'Delivery', '2025-10-01 03:59:52.455702+00', '2025-10-01 03:59:52.455702+00'),
('15', 'Volunteers', '2025-10-01 04:00:04.519569+00', '2025-10-01 04:00:04.519569+00'),
('17', 'Transportation', '2025-10-01 04:00:22.064332+00', '2025-10-01 04:00:22.064332+00'),
('16', 'Security', '2025-10-01 04:00:12.862556+00', '2025-10-01 04:07:06.964347+00'),
('18', 'Rentals', '2025-10-01 04:07:20.045326+00', '2025-10-01 04:07:20.045326+00'),
('19', 'Mixologist', '2025-10-05 08:39:24.773578+00', '2025-10-05 08:39:24.773578+00');

INSERT INTO "public".venue_types (id, name, created_at, updated_at) VALUES
('2', 'Business Location', '2025-09-27 15:36:52.761109+00', '2025-09-27 15:36:52.761109+00'),
('3', 'Restaurant Location', '2025-09-27 15:37:10.520666+00', '2025-09-27 15:37:10.520666+00'),
('5', 'Recreation Location', '2025-09-27 15:37:35.247695+00', '2025-09-27 15:37:35.247695+00'),
('6', 'Private Club', '2025-09-27 15:37:44.726148+00', '2025-09-27 15:37:44.726148+00'),
('7', 'Market Place', '2025-09-27 15:37:53.923997+00', '2025-09-27 15:37:53.923997+00'),
('11', 'Warehouse', '2025-09-27 15:38:51.35304+00', '2025-09-27 15:38:51.35304+00'),
('13', 'Sporting Facility', '2025-09-27 15:39:11.869849+00', '2025-09-27 15:39:11.869849+00'),
('14', 'Other', '2025-09-27 15:39:18.026476+00', '2025-09-27 15:39:18.026476+00'),
('10', 'Farm-Table', '2025-09-27 15:38:36.913764+00', '2025-10-01 04:15:53.989071+00'),
('1', 'Private Residence', '2025-09-27 15:36:39.561349+00', '2025-10-04 22:10:52.20673+00'),
('8', 'Local Parks', '2025-09-27 15:38:16.771585+00', '2025-10-04 22:30:18.383704+00'),
('12', 'State Parks', '2025-09-27 15:39:03.743765+00', '2025-10-04 22:30:18.383704+00');

INSERT INTO "public".venues (id, business_name, contact_name, email, phone_number, city, state, zip, capacity, venue_type_id, created_at, updated_at, user_id, cost, venue_images) VALUES
('44777486-62ca-46e5-994d-5fa9bb92028e', 'Elegant Estate Manor', 'Sarah Johnson', 'events@elegantmanor.com', '4105551234', 'Potomac', 'MD', '20854', '100', '1', '2025-10-04 22:23:00.857377+00', '2025-10-04 22:37:30.725739+00', NULL, '2500', NULL),
('fa97c6d9-5e92-4b22-93b9-6029919170f1', 'The Surf Room', NULL, 'thesurfroomlongbeach@gmail.com', '347-234-3084', 'Long Beach', 'NY', '11561', '85', '14', '2025-10-01 17:18:19.412734+00', '2025-10-04 22:49:33.136108+00', NULL, '1000', NULL),
('25730f16-8d25-4f38-b39b-58ba04fb7543', 'Peabody Heights Brewery', NULL, NULL, '4438539188', 'Baltimore', 'MD', '21218', '100', '3', '2025-09-27 15:46:25.163021+00', '2025-10-04 22:49:33.136108+00', NULL, '3500', NULL),
('cc9dbe4e-4dd4-4a22-9a84-643d2efbf60a', 'Historic Waterfront Home', 'Michael Chen', 'hosting@waterfrontresidence.com', '4435552345', 'Annapolis', 'MD', '21401', '75', '1', '2025-10-04 22:23:00.857377+00', '2025-10-04 22:37:30.725739+00', NULL, '3000', NULL),
('ac452c99-ec16-4e80-9c3d-739fe3be34e7', 'Garden View Residence', 'Emily Rodriguez', 'info@gardenviewhome.com', '3015553456', 'Bethesda', 'MD', '20814', '50', '1', '2025-10-04 22:23:00.857377+00', '2025-10-04 22:37:30.725739+00', NULL, '2000', NULL),
('9143ff9e-7f40-45d8-b5b0-6acc1941033c', 'Lakeside Private Estate', 'David Thompson', 'events@lakesideestate.com', '4105554567', 'Columbia', 'MD', '21044', '80', '1', '2025-10-04 22:23:00.857377+00', '2025-10-04 22:37:30.725739+00', NULL, '2800', NULL),
('1d7b6f2a-2259-4281-8e13-33eb4a4c4372', 'Countryside Manor House', 'Jennifer Williams', 'rentals@countrysidemanor.com', '2405555678', 'Frederick', 'MD', '21701', '60', '1', '2025-10-04 22:23:00.857377+00', '2025-10-04 22:37:30.725739+00', NULL, '2200', NULL),
('a676c6ac-8587-44c3-9941-0885aa743883', 'Bond 45', 'Private Events', 'groups@bond45.com', '3017498445', 'National Harbor', 'MD', '20745', '120', '3', '2025-10-04 21:54:13.84649+00', '2025-10-04 22:37:30.725739+00', NULL, '2500', NULL),
('4aa11d53-0f77-4b6b-b7ef-afd36c3e5710', 'Atlas Restaurant Group', 'Private Dining', 'events@atlasrestaurantgroup.com', '4104321515', 'Baltimore', 'MD', '21202', '150', '3', '2025-10-04 21:54:13.84649+00', '2025-10-04 22:37:30.725739+00', NULL, '3500', NULL),
('0dd02d33-6118-46bb-8455-e1d2a6c54def', 'J Hollingers', 'Events Team', 'events@jhollingers.com', '2406505400', 'Silver Spring', 'MD', '20910', '80', '3', '2025-10-04 21:54:13.84649+00', '2025-10-04 22:37:30.725739+00', NULL, '1800', NULL),
('01471833-f0f2-4e6e-9e76-624c531c4f86', 'Glenwoods Dining', 'Group Events', 'events@glenwoodsdining.com', '4107272722', 'Baltimore', 'MD', '21212', '100', '3', '2025-10-04 21:54:13.84649+00', '2025-10-04 22:37:30.725739+00', NULL, '2200', NULL),
('9f6c1eca-da40-433f-ad12-861c0cdd7e2a', 'The Cannon Club', 'Events Manager', 'events@thecannongolfclub.com', '4108887700', 'Davidsonville', 'MD', '21035', '180', '6', '2025-10-04 21:54:13.84649+00', '2025-10-04 22:37:30.725739+00', NULL, '5000', NULL),
('36a878e3-61f8-454c-8042-1bae39dd87a3', 'Valley Country Club', 'Wedding Coordinator', 'weddings@valleycountryclub.com', '4104554500', 'Towson', 'MD', '21204', '200', '6', '2025-10-04 21:54:13.84649+00', '2025-10-04 22:37:30.725739+00', NULL, '6000', NULL),
('e4cd7062-be50-4961-952b-62560fd5b2bf', 'Montgomery Country Club', 'Event Director', 'events@montgomerycc.com', '3019268300', 'Laytonsville', 'MD', '20882', '250', '6', '2025-10-04 21:54:13.84649+00', '2025-10-04 22:37:30.725739+00', NULL, '7000', NULL),
('efa22cb6-8cf2-4151-9380-a16d6d2ca34e', 'Maryland Golf and Country Clubs', 'Special Events', 'events@marylandgcc.org', '4108791000', 'Bel Air', 'MD', '21014', '220', '6', '2025-10-04 21:54:13.84649+00', '2025-10-04 22:37:30.725739+00', NULL, '5800', NULL),
('f5075ff5-b1fc-4f8e-81ab-c23cb1dd5fd4', 'Rolling Road Golf Club', 'Catering Manager', 'catering@rollingroad.com', '4107470900', 'Catonsville', 'MD', '21228', '175', '6', '2025-10-04 21:54:13.84649+00', '2025-10-04 22:37:30.725739+00', NULL, '4800', NULL),
('4eb3c116-281c-4d7f-bae2-b58a57470ae8', 'Baltimore Farmers Market', 'Market Manager', 'info@farmersmarketbaltimore.org', '4103960146', 'Baltimore', 'MD', '21201', '500', '7', '2025-10-04 21:54:13.84649+00', '2025-10-04 22:37:30.725739+00', NULL, '800', NULL),
('49114635-403a-4297-859a-65a0c3aecd24', 'Lexington Market', 'Events', 'events@lexingtonmarket.com', '4106856169', 'Baltimore', 'MD', '21201', '300', '7', '2025-10-04 21:54:13.84649+00', '2025-10-04 22:37:30.725739+00', NULL, '1000', NULL),
('cce023c7-683d-47b0-a1cd-7894f415d81c', 'Brookside Gardens', 'Events Manager', 'events@brooksidegardens.org', '3019622004', 'Wheaton', 'MD', '20902', '200', '8', '2025-10-04 22:33:22.921998+00', '2025-10-04 22:37:30.725739+00', NULL, '500', NULL),
('ed624e1e-27b4-4159-82d0-c3595cc7c501', 'Cylburn Arboretum', 'Event Rental Office', 'cylburn.events@baltimorecity.gov', '4103964880', 'Baltimore', 'MD', '21209', '150', '8', '2025-10-04 22:33:22.921998+00', '2025-10-04 22:37:30.725739+00', NULL, '450', NULL),
('09565025-569a-41f4-9633-2a22ce95d8df', 'Centennial Park Pavilion', 'Recreation Events', 'pavilions@howardcountymd.gov', '4103137256', 'Columbia', 'MD', '21044', '180', '8', '2025-10-04 22:33:22.921998+00', '2025-10-04 22:37:30.725739+00', NULL, '400', NULL),
('a4075e75-639e-4982-a59a-0698c5fad49c', 'Black Hill Regional Park', 'Park Permits', 'blackhill.events@montgomeryparks.org', '3019407099', 'Boyds', 'MD', '20841', '250', '8', '2025-10-04 22:33:22.921998+00', '2025-10-04 22:37:30.725739+00', NULL, '550', NULL),
('b335094c-bacd-4c5e-b9ad-31b0c84cbaca', 'Watkins Regional Park', 'Special Events Office', 'watkins.events@pgparks.com', '3019742313', 'Upper Marlboro', 'MD', '20774', '300', '8', '2025-10-04 22:33:22.921998+00', '2025-10-04 22:37:30.725739+00', NULL, '600', NULL),
('307bae76-983a-46df-b52c-ad2ccd474c53', 'Seneca Creek State Park Pavilion', 'Event Permits', 'senecacreek.events@maryland.gov', '3019249388', 'Gaithersburg', 'MD', '20878', '200', '8', '2025-10-04 22:33:22.921998+00', '2025-10-04 22:37:30.725739+00', NULL, '500', NULL),
('5dd41a58-b8e7-4694-bde5-0305c9dd3fb1', 'Lake Needwood Regional Park', 'Group Reservations', 'needwood.events@montgomeryparks.org', '3019487077', 'Rockville', 'MD', '20850', '175', '8', '2025-10-04 22:33:22.921998+00', '2025-10-04 22:37:30.725739+00', NULL, '450', NULL),
('71423c69-5c55-49bf-8ae9-c0ba745834b6', 'Green Meadows Farm', 'Wedding Coordinator', 'gmfstables@gmail.com', '3016315900', 'Ijamsville', 'MD', '21754', '250', '10', '2025-10-04 21:54:13.84649+00', '2025-10-04 22:37:30.725739+00', NULL, '3500', NULL),
('e175c48c-1fc2-460f-93f3-e31f7fa57e9e', 'Rosewood Farms', 'Event Manager', 'info@rosewoodfarmsmd.com', '4435352700', 'Hampstead', 'MD', '21074', '200', '10', '2025-10-04 21:54:13.84649+00', '2025-10-04 22:37:30.725739+00', NULL, '3800', NULL),
('f665c39a-211a-4b8b-b480-93bc87944535', 'SkyLofts Gallery Studios', 'Venue Manager', 'info@skylofts.net', '4105391929', 'Baltimore', 'MD', '21224', '150', '11', '2025-10-04 21:54:13.84649+00', '2025-10-04 22:37:30.725739+00', NULL, '2800', NULL),
('dc45b41f-feeb-4dfe-b981-8d8491657fc7', 'Baltimore Industrial Loft', 'Event Director', 'events@baltloft.com', '4103968800', 'Baltimore', 'MD', '21231', '180', '11', '2025-10-04 21:54:13.84649+00', '2025-10-04 22:37:30.725739+00', NULL, '3200', NULL),
('c9ee5a0e-92bd-49af-b771-1a1040c281e0', 'Sandy Point State Park', 'Park Events Coordinator', 'sandypoint.events@maryland.gov', '4109747000', 'Annapolis', 'MD', '21403', '300', '12', '2025-10-04 22:33:22.921998+00', '2025-10-04 22:37:30.725739+00', NULL, '600', NULL),
('56dbf0e2-41c9-4309-8fc5-e9cfad2208df', 'Gunpowder Falls State Park', 'Event Services', 'gunpowder.events@maryland.gov', '4105925897', 'Kingsville', 'MD', '21087', '250', '12', '2025-10-04 22:33:22.921998+00', '2025-10-04 22:37:30.725739+00', NULL, '650', NULL),
('718dc47c-b145-4c6e-9e02-f0b666055977', 'Elk Neck State Park', 'Park Manager', 'elkneck.permits@maryland.gov', '4102872333', 'North East', 'MD', '21901', '150', '12', '2025-10-04 22:33:22.921998+00', '2025-10-04 22:37:30.725739+00', NULL, '500', NULL),
('c0e88d5c-2823-4783-a6a1-d138aa39fb90', 'Rocks State Park', 'Recreation Coordinator', 'rocks.events@maryland.gov', '4105575974', 'Jarrettsville', 'MD', '21084', '175', '12', '2025-10-04 22:33:22.921998+00', '2025-10-04 22:37:30.725739+00', NULL, '550', NULL),
('f33fbeff-e949-4996-ad36-b1ddde8c4787', 'MT Bank Stadium', 'Special Events', 'events@baltimoreravens.com', '4102615000', 'Baltimore', 'MD', '21230', '71000', '13', '2025-10-04 21:54:13.84649+00', '2025-10-04 22:37:30.725739+00', NULL, '15000', NULL),
('0be4e8ca-adbd-4c9c-9a7d-efc2ca949e0a', 'Baltimore Convention Center', 'Event Services', 'sales@bccenter.org', '4106496000', 'Baltimore', 'MD', '21201', '5000', '2', '2025-10-04 21:54:13.84649+00', '2025-10-04 22:37:30.725739+00', NULL, '8000', NULL),
('f65f4a5e-c738-4477-b9ff-05f0c1457884', 'BWI Business District Center', 'Conference Manager', 'events@bwicenter.com', '4107998800', 'Linthicum Heights', 'MD', '21090', '400', '2', '2025-10-04 21:54:13.84649+00', '2025-10-04 22:37:30.725739+00', NULL, '3500', NULL),
('f8bebdb4-6c5a-489e-849c-f75f74dfe6a2', 'Marriott Baltimore Waterfront', 'Catering Sales', 'events@marriottbaltimore.com', '4107371234', 'Baltimore', 'MD', '21230', '600', '14', '2025-10-04 21:54:13.84649+00', '2025-10-05 06:28:26.927941+00', NULL, '4500', NULL),
('7a0cf67d-9b15-4896-a739-161339ac83d5', 'Hyatt Regency Baltimore', 'Events Team', 'baltimore.regency@hyatt.com', '4105289000', 'Baltimore', 'MD', '21202', '800', '14', '2025-10-04 21:54:13.84649+00', '2025-10-05 06:28:26.927941+00', NULL, '5000', NULL),
('721b89ca-1a36-4bbe-b829-46b73a3c100a', 'Four Seasons Hotel Baltimore', 'Events Coordinator', 'events.baltimore@fourseasons.com', '4105768800', 'Baltimore', 'MD', '21202', '400', '14', '2025-10-04 22:54:56.365941+00', '2025-10-05 06:28:26.927941+00', NULL, '15000', NULL),
('5d3f4642-a63b-4822-bc1a-788315a1c9ec', 'Sagamore Pendry Baltimore', 'Catering Sales', 'events@pendry.com', '4109990000', 'Baltimore', 'MD', '21231', '350', '14', '2025-10-04 22:54:56.365941+00', '2025-10-05 06:28:26.927941+00', NULL, '12000', NULL),
('12c0f524-a002-4094-975d-bb91f9b7f082', 'Baltimore Marriott Waterfront', 'Event Planning', 'baltimorewaterfront.events@marriott.com', '4107859400', 'Baltimore', 'MD', '21202', '500', '14', '2025-10-04 22:54:56.365941+00', '2025-10-05 06:28:26.927941+00', NULL, '10000', NULL),
('f0f3e373-3a77-4c77-a61b-a2e042c67b81', 'Hotel Monaco Baltimore', 'Special Events', 'monaco.events@monaco-baltimore.com', '4109622000', 'Baltimore', 'MD', '21202', '250', '14', '2025-10-04 22:54:56.365941+00', '2025-10-05 06:28:26.927941+00', NULL, '8500', NULL),
('b77ef041-e59d-4aa3-95d9-6bbd8daca8bf', 'Lord Baltimore Hotel', 'Sales Manager', 'events@lordbaltimorehotel.com', '4105394000', 'Baltimore', 'MD', '21201', '300', '14', '2025-10-04 22:54:56.365941+00', '2025-10-05 06:28:26.927941+00', NULL, '7500', NULL),
('b82d0a0b-a9f5-49fa-b9df-ad9e6f02e5d5', 'Royal Sonesta Harbor Court Baltimore', 'Banquet Sales', 'harborcourt.events@sonesta.com', '4102346000', 'Baltimore', 'MD', '21202', '450', '14', '2025-10-04 22:54:56.365941+00', '2025-10-05 06:28:26.927941+00', NULL, '11000', NULL),
('f4b868c2-05fe-4898-86a2-7d07de61cea4', 'The Westin Annapolis', 'Event Services', 'events.annapolis@westin.com', '4109722300', 'Annapolis', 'MD', '21401', '350', '14', '2025-10-04 22:54:56.365941+00', '2025-10-05 06:28:26.927941+00', NULL, '9500', NULL),
('ffdfd65e-8e0f-4a0d-85da-346db7e04bbc', 'Graduate Annapolis', 'Events Team', 'events@graduatehotels.com', '4102634700', 'Annapolis', 'MD', '21401', '200', '14', '2025-10-04 22:54:56.365941+00', '2025-10-05 06:28:26.927941+00', NULL, '7000', NULL),
('d91a2b6f-687e-4a83-a63d-6fef149ff7b9', 'Historic Inns of Annapolis', 'Group Sales', 'events@historicinnsofannapolis.com', '4102631014', 'Annapolis', 'MD', '21401', '180', '14', '2025-10-04 22:54:56.365941+00', '2025-10-05 06:28:26.927941+00', NULL, '6500', NULL),
('29edd5f9-2152-4772-b0e9-52c0a9463401', 'Princess Royale Hotel & Conference Center', 'Conference Services', 'events@princessroyale.com', '4105207070', 'Ocean City', 'MD', '21842', '600', '14', '2025-10-04 22:54:56.365941+00', '2025-10-05 06:28:26.927941+00', NULL, '12000', NULL),
('1957e571-1d2a-4de4-8750-bcab3f6050e7', 'Hilton Ocean City Oceanfront Suites', 'Event Planning', 'oceancity.events@hilton.com', '4102894600', 'Ocean City', 'MD', '21842', '400', '14', '2025-10-04 22:54:56.365941+00', '2025-10-05 06:28:26.927941+00', NULL, '9000', NULL),
('956319de-ae5d-45dc-bd61-f845c543924c', 'Clarion Resort Fontainebleau Hotel', 'Catering Manager', 'events@fontainebleauoc.com', '4105242300', 'Ocean City', 'MD', '21842', '500', '14', '2025-10-04 22:54:56.365941+00', '2025-10-05 06:28:26.927941+00', NULL, '8000', NULL),
('c0f1f862-93f1-40d1-b120-03ac74be3955', 'The Bethesdan Hotel', 'Events Coordinator', 'events@thebethesdan.com', '2406509700', 'Bethesda', 'MD', '20814', '280', '14', '2025-10-04 22:54:56.365941+00', '2025-10-05 06:28:26.927941+00', NULL, '10500', NULL),
('8da773ef-46c1-4e50-9cff-a5ac4057f221', 'Hyatt Regency Bethesda', 'Sales Office', 'bethesda.events@hyatt.com', '3016574500', 'Bethesda', 'MD', '20814', '450', '14', '2025-10-04 22:54:56.365941+00', '2025-10-05 06:28:26.927941+00', NULL, '11500', NULL),
('f4e63e00-6f19-479d-832b-7f046a72a043', 'Gaithersburg Marriott Washingtonian Center', 'Event Sales', 'washingtonian.events@marriott.com', '3019860800', 'Gaithersburg', 'MD', '20878', '550', '14', '2025-10-04 22:54:56.365941+00', '2025-10-05 06:28:26.927941+00', NULL, '9500', NULL),
('1b19ec0a-cfc9-4211-99c8-de9eb7639d02', 'The Hotel at the University of Maryland', 'Event Planning', 'events@thehotelumd.com', '3018643636', 'College Park', 'MD', '20740', '350', '14', '2025-10-04 22:54:56.365941+00', '2025-10-05 06:28:26.927941+00', NULL, '8500', NULL),
('5724276f-1d7c-4d3e-b5c4-7b7de400bd94', 'Homewood Suites by Hilton Frederick', 'Group Sales', 'frederick.events@hilton.com', '3016318800', 'Frederick', 'MD', '21704', '200', '14', '2025-10-04 22:54:56.365941+00', '2025-10-05 06:28:26.927941+00', NULL, '6000', NULL),
('22dceb9d-68cb-4502-a58f-557838a21104', 'Hampton Inn & Suites Frederick-Fort Detrick', 'Event Coordinator', 'frederick.catering@hilton.com', '3016989500', 'Frederick', 'MD', '21702', '180', '14', '2025-10-04 22:54:56.365941+00', '2025-10-05 06:28:26.927941+00', NULL, '5500', NULL),
('2ea045ec-bf50-410d-90c0-5ca9d61ef2ad', 'Hyatt Regency Chesapeake Bay Golf Resort', 'Resort Events', 'chesapeakebay.events@hyatt.com', '4102211234', 'Cambridge', 'MD', '21613', '600', '14', '2025-10-04 22:54:56.365941+00', '2025-10-05 06:28:26.927941+00', NULL, '14000', NULL),
('d84e8b74-caff-44ca-9cfd-8b19e60fb5cc', 'Fells Point Historic Townhouse', 'Property Manager', 'events.fellspoint@airbnb.com', '4105551234', 'Baltimore', 'MD', '21231', '50', '14', '2025-10-04 23:01:41.223873+00', '2025-10-05 06:28:26.927941+00', NULL, '2500', NULL),
('27b57e2e-3604-4c2c-87fa-e516ca1de9fc', 'Canton Waterfront Loft', 'Host Services', 'canton.events@airbnb.com', '4105551235', 'Baltimore', 'MD', '21224', '40', '14', '2025-10-04 23:01:41.223873+00', '2025-10-05 06:28:26.927941+00', NULL, '2000', NULL),
('907551ad-10ff-4926-bd01-8c403371c776', 'Federal Hill Rooftop Venue', 'Event Coordinator', 'federalhill.events@airbnb.com', '4105551236', 'Baltimore', 'MD', '21230', '60', '14', '2025-10-04 23:01:41.223873+00', '2025-10-05 06:28:26.927941+00', NULL, '3000', NULL),
('7851d31f-c19d-4487-8a89-7b51a5d83bc1', 'Mt. Vernon Mansion Event Space', 'Property Host', 'mtvernon.events@airbnb.com', '4105551237', 'Baltimore', 'MD', '21201', '80', '14', '2025-10-04 23:01:41.223873+00', '2025-10-05 06:28:26.927941+00', NULL, '3500', NULL),
('8354fcbd-0903-4a4d-aedc-8ac2ee558e9f', 'Historic District Waterfront Home', 'Annapolis Host', 'historic.annapolis@airbnb.com', '4105551238', 'Annapolis', 'MD', '21401', '45', '14', '2025-10-04 23:01:41.223873+00', '2025-10-05 06:28:26.927941+00', NULL, '2800', NULL),
('123018da-3c11-4d34-8a1a-3ea4866c610f', 'Eastport Harbor View Estate', 'Event Services', 'eastport.events@airbnb.com', '4105551239', 'Annapolis', 'MD', '21403', '70', '14', '2025-10-04 23:01:41.223873+00', '2025-10-05 06:28:26.927941+00', NULL, '3200', NULL),
('8bb0443c-4d7d-4d25-ad64-efabda0d5c37', 'West Annapolis Garden Estate', 'Host Manager', 'westannapolis.events@airbnb.com', '4105551240', 'Annapolis', 'MD', '21401', '55', '14', '2025-10-04 23:01:41.223873+00', '2025-10-05 06:28:26.927941+00', NULL, '2600', NULL),
('29809074-d7de-4b56-a1e7-e5517590c29c', 'Oceanfront Beach House', 'Property Manager', 'oceanfront.oc@airbnb.com', '4105551241', 'Ocean City', 'MD', '21842', '100', '14', '2025-10-04 23:01:41.223873+00', '2025-10-05 06:28:26.927941+00', NULL, '4500', NULL),
('6bc1e990-cdca-44ef-8a57-e5be22c8beec', 'Bayside Event Villa', 'Events Coordinator', 'bayside.oc@airbnb.com', '4105551242', 'Ocean City', 'MD', '21842', '80', '14', '2025-10-04 23:01:41.223873+00', '2025-10-05 06:28:26.927941+00', NULL, '3800', NULL),
('e1d7c053-d576-4d2a-aa74-5f03f8b7e529', 'North OC Beachfront Estate', 'Host Services', 'northoc.events@airbnb.com', '4105551243', 'Ocean City', 'MD', '21842', '90', '14', '2025-10-04 23:01:41.223873+00', '2025-10-05 06:28:26.927941+00', NULL, '4200', NULL),
('4409e744-3ac5-4b55-9d3b-f00b08d5825d', 'Bethesda Modern Event Space', 'Property Host', 'bethesda.modern@airbnb.com', '3015551244', 'Bethesda', 'MD', '20814', '50', '14', '2025-10-04 23:01:41.223873+00', '2025-10-05 06:28:26.927941+00', NULL, '2700', NULL),
('c279427c-7217-45ea-955c-01825096be7c', 'Chevy Chase Elegant Manor', 'Event Manager', 'chevychase.events@airbnb.com', '3015551245', 'Chevy Chase', 'MD', '20815', '65', '14', '2025-10-04 23:01:41.223873+00', '2025-10-05 06:28:26.927941+00', NULL, '3100', NULL),
('a2bd467c-c34c-40d2-a78c-40724d67882d', 'Rockville Historic Estate', 'Host Coordinator', 'rockville.estate@airbnb.com', '3015551246', 'Rockville', 'MD', '20850', '75', '14', '2025-10-04 23:01:41.223873+00', '2025-10-05 06:28:26.927941+00', NULL, '3300', NULL),
('eadae0a3-d82b-4816-a229-1c30aa1dd4a7', 'Columbia Lakefront House', 'Property Services', 'columbia.lakefront@airbnb.com', '4105551247', 'Columbia', 'MD', '21044', '55', '14', '2025-10-04 23:01:41.223873+00', '2025-10-05 06:28:26.927941+00', NULL, '2400', NULL),
('55eee8ae-db35-4a2d-a129-213d1c2fa557', 'Ellicott City Mill House', 'Event Host', 'ellicottcity.mill@airbnb.com', '4105551248', 'Ellicott City', 'MD', '21043', '60', '14', '2025-10-04 23:01:41.223873+00', '2025-10-05 06:28:26.927941+00', NULL, '2900', NULL),
('dd50b68b-46e9-4e49-ba95-fb1ed2a24e5f', 'Historic Frederick Mansion', 'Property Manager', 'frederick.mansion@airbnb.com', '3015551249', 'Frederick', 'MD', '21701', '70', '14', '2025-10-04 23:01:41.223873+00', '2025-10-05 06:28:26.927941+00', NULL, '3000', NULL),
('b757d13e-ae50-4eab-9338-76188e8eaa57', 'Catoctin Mountain Retreat', 'Event Coordinator', 'catoctin.retreat@airbnb.com', '3015551250', 'Frederick', 'MD', '21702', '85', '14', '2025-10-04 23:01:41.223873+00', '2025-10-05 06:28:26.927941+00', NULL, '3400', NULL),
('420e9dfb-ad7b-4d00-9ad9-b14c622c29c4', 'St. Michaels Waterfront Estate', 'Host Services', 'stmichaels.events@airbnb.com', '4105551251', 'St. Michaels', 'MD', '21663', '60', '14', '2025-10-04 23:01:41.223873+00', '2025-10-05 06:28:26.927941+00', NULL, '3500', NULL),
('308d3484-4efe-4a04-b4dd-b5ce66b1365d', 'Easton Historic Inn', 'Property Host', 'easton.historic@airbnb.com', '4105551252', 'Easton', 'MD', '21601', '50', '14', '2025-10-04 23:01:41.223873+00', '2025-10-05 06:28:26.927941+00', NULL, '2800', NULL),
('49717bb8-167a-468a-8e2b-ffb073bea1b4', 'Chesapeake Bay Beach House', 'Event Manager', 'chesapeake.beach@airbnb.com', '4105551253', 'Cambridge', 'MD', '21613', '75', '14', '2025-10-04 23:01:41.223873+00', '2025-10-05 06:28:26.927941+00', NULL, '3600', NULL),
('75b21bd4-1747-47bd-b4cc-848fe66c89dc', 'Deep Creek Lake Estate', 'Property Services', 'deepcreek.events@airbnb.com', '3015551254', 'McHenry', 'MD', '21541', '100', '14', '2025-10-04 23:01:41.223873+00', '2025-10-05 06:28:26.927941+00', NULL, '4000', NULL),
('032839f4-61bc-447d-b9f1-820128a8df02', 'Cumberland Victorian Mansion', 'Host Coordinator', 'cumberland.victorian@airbnb.com', '3015551255', 'Cumberland', 'MD', '21502', '65', '14', '2025-10-04 23:01:41.223873+00', '2025-10-05 06:28:26.927941+00', NULL, '2700', NULL);

INSERT INTO "public".workflow_types (id, name, description, tags, created_at, updated_at) VALUES
('1', 'Social Event Organizer', 'Plan personal celebrations, parties, and social gatherings', '{"Birthday Parties",Anniversaries,"Family Reunions","Holiday Celebrations"}', '2025-09-29 14:50:07.211135+00', '2025-09-29 14:50:07.211135+00'),
('2', 'Professional Event Planner', 'Comprehensive event management for clients and businesses', '{"Corporate Events",Weddings,Conferences,"Product Launches"}', '2025-09-29 14:50:47.662519+00', '2025-09-29 14:50:47.662519+00'),
('4', 'Venu Owner', 'Optimize venue utilization and manage event bookings', '{"Space Management","Booking Calendar","Facility Coordination","Event Support"}', '2025-09-29 14:52:12.524284+00', '2025-09-29 14:52:12.524284+00'),
('5', 'Host', 'Plan personal celebrations, parties, and social gatherings', '{"Birthday Parties",Anniversaries,"Family Reunions","Holiday Celebrations"}', '2025-09-29 22:29:51.311533+00', '2025-09-29 22:30:04.375483+00'),
('3', 'Hospitality Manager', 'Manage venue bookings, catering, and hospitality services', '{"Catering Services","Venue Management","Guest Accommodations","Service Coordination"}', '2025-09-29 14:51:34.948043+00', '2025-12-07 22:35:39.791531+00');

INSERT INTO "public".workflows (id, workflow_type_id, user_id, created_at, updated_at, theme_id, hospitality_id, venue_id, supplier_id, serv_vendor_sup_id, serv_vendor_rent_id, event_id) VALUES
('c1264329-ce34-40c8-aeba-ce1d601d81a3', '5', '8ca9f4e0-8dc0-42b3-85ba-ee879ad1ed4f', '2025-10-04 07:02:37.884297+00', '2025-10-08 13:03:21.784757+00', NULL, NULL, NULL, NULL, NULL, NULL, '303b4553-a3c6-43e2-bac1-1f77ecee1ba4');

-- Re-enable triggers that were disabled for seeding
ALTER TABLE public.budget_items ENABLE TRIGGER log_budget_item_changes_trigger;
ALTER TABLE public.change_requests ENABLE TRIGGER change_request_log_trigger;
ALTER TABLE public.tasks ENABLE TRIGGER log_task_changes_trigger;

